filename,full_plate,province,series,number
0000_00532_b.jpg,59 P1 66480,59,P1,66480
0000_02187_b.jpg,59 E1 21500,59,E1,21500
0000_05696_b.jpg,59 L2 06377,59,L2,06377
0000_06886_b.jpg,59 C1 65331,59,C1,65331
0000_08244_b.jpg,59 T1 08264,59,T1,08264
0001_05318_b.jpg,59 T1 08264,59,T1,08264
0002_02183_b.jpg,52 U7 8693,52,U7,8693
0002_02554_b.jpg,59 F1 68955,59,F1,68955
0003_02063_b.jpg,63 B9 57926,63,B9,57926
0003_07398_b.jpg,59 V1 07473,59,V1,07473
0004_06801_b.jpg,59 H1 54986,59,H1,54986
0005_00490_b.jpg,59 F1 13860,59,F1,13860
0005_00512_b.jpg,68 F5 5727,68,F5,5727
0005_02171_b.jpg,59 C2 51109,59,C2,51109
0006_05286_b.jpg,59 C1 65331,59,C1,65331
0006_06035_b.jpg,59 U1 39619,59,U1,39619
0006_06797_b.jpg,59 C1 65331,59,C1,65331
0007_02188_b.jpg,60 B5 55723,60,B5,55723
0007_05159_b.jpg,37 M1 07918,37,M1,07918
0009_00490_b.jpg,59 F1 13860,59,F1,13860
0009_02194_b.jpg,51 FB 4779,51,FB,4779
0009_05325_b.jpg,60 B5 31402,60,B5,31402
0010_00004_b.jpg,59 F1 07509,59,F1,07509
0010_02063_b.jpg,63 B9 57926,63,B9,57926
0011_00515_b.jpg,60 X4 6482,60,X4,6482
0012_04539_b.jpg,37 M1 07918,37,M1,07918
0013_05647_b.jpg,59 F1 16711,59,F1,16711
0014_02176_b.jpg,52 U4 4702,52,U4,4702
0017_00195_b.jpg,59 M1 90977,59,M1,90977
0018_07248_b.jpg,77 F1 30541,77,F1,30541
0019_01137_b.jpg,59 V1 84031,59,V1,84031
0019_02163_b.jpg,59 E1 13417,59,E1,13417
0019_06895_b.jpg,59 H1 54986,59,H1,54986
0020_00536_b.jpg,67 C1 05355,67,C1,05355
0020_02063_b.jpg,63 B9 57926,63,B9,57926
0020_07156_b.jpg,59 N1 69575,59,N1,69575
0021_06361_b.jpg,59 V1 07473,59,V1,07473
0022_01753_b.jpg,66 G1 15723,66,G1,15723
0023_05798_b.jpg,67 B1 81846,67,B1,81846
0025_00457_b.jpg,59 B1 34917,59,B1,34917
0027_06458_b.jpg,85 F1 00417,85,F1,00417
0028_00196_b.jpg,65 V2 1319,65,V2,1319
0028_07031_b.jpg,59 V2 00285,59,V2,00285
0028_08102_b.jpg,59 C1 00507,59,C1,00507
0031_07285_b.jpg,81 B1 26810,81,B1,26810
0036_00507_b.jpg,72 C1 12511,72,C1,12511
0038_01762_b.jpg,54 L2 4264,54,L2,4264
0038_08198_b.jpg,59 K1 90300,59,K1,90300
0039_01689_b.jpg,51 R5 6273,51,R5,6273
0039_04131_b.jpg,59 K1 90300,59,K1,90300
0039_05169_b.jpg,84 G1 22593,84,G1,22593
0041_00436_b.jpg,59 N1 03519,59,N1,03519
0041_00486_b.jpg,68 H7 4213,68,H7,4213
0041_00507_b.jpg,72 C1 12511,72,C1,12511
0041_00697_b.jpg,54 Z8 7524,54,Z8,7524
0041_00951_b.jpg,62 V1 6814,62,V1,6814
0041_04542_b.jpg,52 H9 9892,52,H9,9892
0041_05679_b.jpg,68 H7 4213,68,H7,4213
0042_01141_b.jpg,59 T1 88808,59,T1,88808
0042_01746_b.jpg,59 H1 05714,59,H1,05714
0042_01875_b.jpg,59 C1 62293,59,C1,62293
0042_05741_b.jpg,59 U1 39619,59,U1,39619
0043_01133_b.jpg,54 S2 4522,54,S2,4522
0043_01757_b.jpg,65 F1 31532,65,F1,31532
0043_01879_b.jpg,59 C1 16274,59,C1,16274
0044_04330_b.jpg,84 K3 4900,84,K3,4900
0045_01558_b.jpg,59 U1 70392,59,U1,70392
0045_01674_b.jpg,59 C1 68612,59,C1,68612
0045_01821_b.jpg,49 B1 31215,49,B1,31215
0046_00961_b.jpg,62 H2 7327,62,H2,7327
0046_01762_b.jpg,54 L2 4264,54,L2,4264
0046_06241_b.jpg,59 C1 65331,59,C1,65331
0046_06635_b.jpg,59 B1 35199,59,B1,35199
0047_00717_b.jpg,54 U5 2813,54,U5,2813
0047_00966_b.jpg,54 S1 6312,54,S1,6312
0047_00970_b.jpg,59 P1 52934,59,P1,52934
0047_01152_b.jpg,59 F1 70424,59,F1,70424
0047_01868_b.jpg,51 L4 1138,51,L4,1138
0047_03046_b.jpg,54 V2 5804,54,V2,5804
0048_01264_b.jpg,59 G1 98907,59,G1,98907
0048_01689_b.jpg,51 R5 6273,51,R5,6273
0048_01752_b.jpg,59 L1 97457,59,L1,97457
0048_02005_b.jpg,86 B3 41492,86,B3,41492
0049_03047_b.jpg,94 H4 1831,94,H4,1831
0049_04098_b.jpg,60 B1 57122,60,B1,57122
0049_04676_b.jpg,59 P1 41818,59,P1,41818
0050_01152_b.jpg,59 F1 70424,59,F1,70424
0051_00959_b.jpg,59 V2 16023,59,V2,16023
0051_01757_b.jpg,65 F1 31532,65,F1,31532
0052_05252_b.jpg,59 L1 87760,59,L1,87760
0053_01877_b.jpg,59 X2 68327,59,X2,68327
0053_04375_b.jpg,67 B1 81846,67,B1,81846
0054_00940_b.jpg,59 L1 54063,59,L1,54063
0054_03047_b.jpg,94 H4 1831,94,H4,1831
0054_04076_b.jpg,54 X4 5969,54,X4,5969
0054_05482_b.jpg,59 S2 16555,59,S2,16555
0054_05705_b.jpg,51 L7 3998,51,L7,3998
0054_06642_b.jpg,84 G1 22593,84,G1,22593
0054_06669_b.jpg,59 C1 59610,59,C1,59610
0055_01981_b.jpg,52 P5 0334,52,P5,0334
0056_01153_b.jpg,59 U1 59897,59,U1,59897
0056_01595_b.jpg,63 V1 0200,63,V1,0200
0056_05671_b.jpg,30 N4 5882,30,N4,5882
0057_01126_b.jpg,59 S2 36623,59,S2,36623
0057_04356_b.jpg,59 F1 38151,59,F1,38151
0057_05184_b.jpg,59 S2 16555,59,S2,16555
0057_06324_b.jpg,52 L2 6661,52,L2,6661
0058_00594_b.jpg,43 S2 6463,43,S2,6463
0058_01145_b.jpg,51 H2 3397,51,H2,3397
0058_01153_b.jpg,59 U1 59897,59,U1,59897
0058_02021_b.jpg,59 V1 83357,59,V1,83357
0058_05613_b.jpg,60 U2 3465,60,U2,3465
0059_04445_b.jpg,54 T1 5417,54,T1,5417
0059_04971_b.jpg,59 F1 38151,59,F1,38151
0059_06835_b.jpg,59 M1 53561,59,M1,53561
0100_00168_b.jpg,77 L1 37372,77,L1,37372
0100_00252_b.jpg,59 S1 31386,59,S1,31386
0100_01126_b.jpg,59 S2 36623,59,S2,36623
0100_01595_b.jpg,63 Y1 0200,63,Y1,0200
0100_08183_b.jpg,59 C2 21098,59,C2,21098
0101_00088_b.jpg,67 L1 06669,67,L1,06669
0101_01261_b.jpg,59 S2 35205,59,S2,35205
0101_01391_b.jpg,61 D1 00626,61,D1,00626
0101_01715_b.jpg,86 B3 19858,86,B3,19858
0101_05739_b.jpg,85 D1 21869,85,D1,21869
0101_07107_b.jpg,71 S3 5011,71,S3,5011
0102_00398_b.jpg,60 B8 13705,60,B8,13705
0102_04296_b.jpg,59 H1 33046,59,H1,33046
0102_04565_b.jpg,48 FA 1856,48,FA,1856
0102_06556_b.jpg,54 V6 6004,54,V6,6004
0102_07105_b.jpg,59 X1 54497,59,X1,54497
0102_07390_b.jpg,59 N2 09050,59,N2,09050
0103_01261_b.jpg,59 S2 35205,59,S2,35205
0103_01697_b.jpg,95 AA 00839,95,AA,00839
0103_05539_b.jpg,59 F1 38151,59,F1,38151
0103_06841_b.jpg,59 T1 77207,59,T1,77207
0104_00171_b.jpg,59 H1 62281,59,H1,62281
0104_08083_b.jpg,60 B8 01075,60,B8,01075
0105_01594_b.jpg,59 F1 49271,59,F1,49271
0106_00586_b.jpg,59 S2 08082,59,S2,08082
0106_08292_b.jpg,59 K1 40650,59,K1,40650
0107_00252_b.jpg,59 S1 31386,59,S1,31386
0108_00929_b.jpg,59 E1 64239,59,E1,64239
0108_00973_b.jpg,72 F1 20613,72,F1,20613
0108_05849_b.jpg,59 P1 83257,59,P1,83257
0109_01594_b.jpg,59 F1 49271,59,F1,49271
0109_02232_b.jpg,59 H1 19374,59,H1,19374
0109_04995_b.jpg,59 C1 39780,59,C1,39780
0110_00060_b.jpg,59 P1 33202,59,P1,33202
0110_00252_b.jpg,59 S1 31386,59,S1,31386
0110_01653_b.jpg,83 P1 67560,83,P1,67560
0110_01670_b.jpg,59 P2 20947,59,P2,20947
0110_01967_b.jpg,59 N1 87515,59,N1,87515
0110_04515_b.jpg,54 S2 2148,54,S2,2148
0111_01678_b.jpg,86 H7 9591,86,H7,9591
0111_05692_b.jpg,59 L1 77693,59,L1,77693
0112_00522_b.jpg,59 F1 20158,59,F1,20158
0112_01081_b.jpg,47 D1 17237,47,D1,17237
0112_01913_b.jpg,59 T1 54049,59,T1,54049
0112_05816_b.jpg,59 F1 29346,59,F1,29346
0112_06759_b.jpg,59 U1 25418,59,U1,25418
0113_00687_b.jpg,59 L2 27560,59,L2,27560
0113_04405_b.jpg,59 D1 62787,59,D1,62787
0113_08001_b.jpg,47 M7 4206,47,M7,4206
0114_00145_b.jpg,47 B1 42872,47,B1,42872
0114_00442_b.jpg,59 G1 33671,59,G1,33671
0114_05537_b.jpg,47 K1 08279,47,K1,08279
0114_05671_b.jpg,59 L2 05442,59,L2,05442
0115_01636_b.jpg,60 B7 34176,60,B7,34176
0115_01853_b.jpg,76 D1 24027,76,D1,24027
0115_01928_b.jpg,59 B1 00002,59,B1,00002
0115_01937_b.jpg,82 S3 7689,82,S3,7689
0115_02514_b.jpg,59 P1 17980,59,P1,17980
0115_06646_b.jpg,54 S8 9169,54,S8,9169
0115_08259_b.jpg,59 L1 06458,59,L1,06458
0116_00148_b.jpg,59 U1 35226,59,U1,35226
0116_00818_b.jpg,52 Z7 9752,52,Z7,9752
0116_00986_b.jpg,59 Y1 44665,59,Y1,44665
0116_02019_b.jpg,60 B3 25220,60,B3,25220
0116_04019_b.jpg,59 H1 55699,59,H1,55699
0116_04147_b.jpg,51 S8 4605,51,S8,4605
0117_00060_b.jpg,59 P1 33202,59,P1,33202
0117_00091_b.jpg,59 U1 66141,59,U1,66141
0117_00148_b.jpg,59 U1 35226,59,U1,35226
0117_01160_b.jpg,75 K3 0899,75,K3,0899
0117_05755_b.jpg,71 B1 58070,71,B1,58070
0118_00092_b.jpg,72 C1 36087,72,C1,36087
0118_00095_b.jpg,79 T2 6658,79,T2,6658
0118_00750_b.jpg,85 D1 01611,85,D1,01611
0118_00754_b.jpg,72 C1 36087,72,C1,36087
0118_00818_b.jpg,52 Z7 9752,52,Z7,9752
0118_00942_b.jpg,72 F1 20741,72,F1,20741
0118_01640_b.jpg,59 V2 00884,59,V2,00884
0118_01967_b.jpg,59 N1 87515,59,N1,87515
0118_01998_b.jpg,66 P1 5739,66,P1,5739
0118_04709_b.jpg,59 F1 12329,59,F1,12329
0118_07169_b.jpg,51 Z3 0606,51,Z3,0606
0118_08084_b.jpg,54 L3 9902,54,L3,9902
0119_00145_b.jpg,47 B1 42872,47,B1,42872
0119_01947_b.jpg,54 S5 5036,54,S5,5036
0119_02023_b.jpg,59 D1 66974,59,D1,66974
0119_02244_b.jpg,59 H1 46704,59,H1,46704
0119_02246_b.jpg,54 U5 7001,54,U5,7001
0119_02501_b.jpg,59 C2 11894,59,C2,11894
0119_06336_b.jpg,59 B1 31149,59,B1,31149
0120_00060_b.jpg,59 P1 33202,59,P1,33202
0120_00061_b.jpg,59 D1 49489,59,D1,49489
0120_00262_b.jpg,59 P2 29729,59,P2,29729
0120_00591_b.jpg,59 F1 75291,59,F1,75291
0120_01073_b.jpg,59 L2 27602,59,L2,27602
0120_02089_b.jpg,60 FP 1469,60,FP,1469
0120_04228_b.jpg,59 C1 49744,59,C1,49744
0120_04673_b.jpg,59 Y1 02533,59,Y1,02533
0120_06890_b.jpg,54 T5 6168,54,T5,6168
0120_07193_b.jpg,54 V5 8964,54,V5,8964
0120_08370_b.jpg,79 H1 20023,79,H1,20023
0121_00375_b.jpg,59 T1 92270,59,T1,92270
0121_00503_b.jpg,60 B6 28032,60,B6,28032
0121_00820_b.jpg,59 U1 01985,59,U1,01985
0121_00920_b.jpg,59 M1 97582,59,M1,97582
0121_02555_b.jpg,59 C2 45928,59,C2,45928
0121_04617_b.jpg,59 E1 12903,59,E1,12903
0121_04848_b.jpg,61 C1 06403,61,C1,06403
0121_06062_b.jpg,67 B1 40833,67,B1,40833
0121_06228_b.jpg,59 H1 56390,59,H1,56390
0121_06796_b.jpg,59 F1 47488,59,F1,47488
0121_07251_b.jpg,76 G1 12000,76,G1,12000
0122_00091_b.jpg,59 U1 66141,59,U1,66141
0122_00752_b.jpg,59 L1 84759,59,L1,84759
0122_00983_b.jpg,59 V1 58723,59,V1,58723
0122_01404_b.jpg,54 T3 0255,54,T3,0255
0122_02548_b.jpg,59 X1 60210,59,X1,60210
0122_05233_b.jpg,59 L2 23714,59,L2,23714
0122_05419_b.jpg,64 D1 13241,64,D1,13241
0122_07108_b.jpg,59 S1 14883,59,S1,14883
0123_00754_b.jpg,72 C1 36087,72,C1,36087
0123_00918_b.jpg,59 S1 74613,59,S1,74613
0123_01841_b.jpg,59 C1 23968,59,C1,23968
0123_01939_b.jpg,60 B8 16455,60,B8,16455
0123_02088_b.jpg,60 B1 86436,60,B1,86436
0123_04299_b.jpg,59 S1 59484,59,S1,59484
0123_05055_b.jpg,59 P1 63138,59,P1,63138
0123_05664_b.jpg,59 Z1 27275,59,Z1,27275
0123_06125_b.jpg,61 C1 06403,61,C1,06403
0124_00307_b.jpg,59 Y1 42323,59,Y1,42323
0124_00323_b.jpg,59 L2 29477,59,L2,29477
0124_00779_b.jpg,95 G1 01643,95,G1,01643
0124_00806_b.jpg,59 E1 64141,59,E1,64141
0124_00942_b.jpg,72 F1 20741,72,F1,20741
0124_01377_b.jpg,76 V6 3429,76,V6,3429
0124_01853_b.jpg,76 D1 24027,76,D1,24027
0124_02016_b.jpg,59 L2 02084,59,L2,02084
0124_04420_b.jpg,76 D1 24027,76,D1,24027
0124_04443_b.jpg,59 X2 81467,59,X2,81467
0124_04666_b.jpg,84 K5 1618,84,K5,1618
0124_06079_b.jpg,59 F1 14760,59,F1,14760
0124_06343_b.jpg,54 S8 9169,54,S8,9169
0125_00127_b.jpg,49 M7 1975,49,M7,1975
0125_00375_b.jpg,59 T1 92270,59,T1,92270
0125_00786_b.jpg,59 T1 03506,59,T1,03506
0125_00984_b.jpg,59 P2 31316,59,P2,31316
0125_01920_b.jpg,59 E1 03640,59,E1,03640
0125_02237_b.jpg,60 Y7 3914,60,Y7,3914
0125_02242_b.jpg,59 V2 15800,59,V2,15800
0125_04420_b.jpg,59 C2 24729,59,C2,24729
0125_05869_b.jpg,93 P1 06312,93,P1,06312
0125_06196_b.jpg,51 L8 2105,51,L8,2105
0126_00061_b.jpg,59 D1 49489,59,D1,49489
0126_00136_b.jpg,54 V1 4819,54,V1,4819
0126_00940_b.jpg,59 L1 54063,59,L1,54063
0126_04109_b.jpg,52 F8 6932,52,F8,6932
0126_04483_b.jpg,95 DB 01179,95,DB,01179
0126_05624_b.jpg,59 M1 21704,59,M1,21704
0126_05966_b.jpg,59 C1 05899,59,C1,05899
0126_06118_b.jpg,59 C1 39780,59,C1,39780
0126_06297_b.jpg,60 C2 32301,60,C2,32301
0127_00055_b.jpg,55 P5 6876,55,P5,6876
0127_01738_b.jpg,59 C2 44011,59,C2,44011
0127_01915_b.jpg,77 C1 39373,77,C1,39373
0127_01968_b.jpg,59 U1 79751,59,U1,79751
0127_04803_b.jpg,59 T1 61654,59,T1,61654
0127_08112_b.jpg,53 V9 7976,53,V9,7976
0128_00503_b.jpg,60 B6 28032,60,B6,28032
0128_00733_b.jpg,59 Y1 60811,59,Y1,60811
0128_01676_b.jpg,70 SA 0367,70,SA,0367
0128_02532_b.jpg,63 B1 38786,63,B1,38786
0128_02555_b.jpg,59 C2 45920,59,C2,45920
0128_04019_b.jpg,54 Y3 8211,54,Y3,8211
0128_05556_b.jpg,59 P1 87149,59,P1,87149
0128_06831_b.jpg,60 B5 23822,60,B5,23822
0128_07208_b.jpg,60 C1 23774,60,C1,23774
0128_08102_b.jpg,47 N6 9618,47,N6,9618
0129_00608_b.jpg,86 B6 08797,86,B6,08797
0129_00633_b.jpg,29 C1 20902,29,C1,20902
0129_00751_b.jpg,60 B3 34534,60,B3,34534
0129_00806_b.jpg,59 E1 64141,59,E1,64141
0129_00819_b.jpg,55 X1 7546,55,X1,7546
0129_01074_b.jpg,63 B2 22794,63,B2,22794
0129_02529_b.jpg,59 X2 03954,59,X2,03954
0129_06028_b.jpg,66 L1 35224,66,L1,35224
0129_06048_b.jpg,54 L3 9902,54,L3,9902
0129_06692_b.jpg,52 F3 9280,52,F3,9280
0129_06900_b.jpg,59 M1 70791,59,M1,70791
0129_07029_b.jpg,72 K5 9221,72,K5,9221
0130_00538_b.jpg,59 P1 89739,59,P1,89739
0130_00760_b.jpg,59 S1 15133,59,S1,15133
0130_00833_b.jpg,67 F1 11317,67,F1,11317
0130_01078_b.jpg,62 L1 22767,62,L1,22767
0130_05460_b.jpg,59 S2 18904,59,S2,18904
0131_00223_b.jpg,59 V1 87754,59,V1,87754
0131_00329_b.jpg,59 S1 11289,59,S1,11289
0131_00436_b.jpg,59 M1 03519,59,M1,03519
0131_00635_b.jpg,59 L1 78582,59,L1,78582
0131_00660_b.jpg,59 F1 31469,59,F1,31469
0131_00733_b.jpg,59 Y1 60811,59,Y1,60811
0131_00774_b.jpg,59 K1 83235,59,K1,83235
0131_00942_b.jpg,72 F1 20741,72,F1,20741
0131_00954_b.jpg,60 B7 36638,60,B7,36638
0131_02540_b.jpg,85 B1 17851,85,B1,17851
0131_02584_b.jpg,72 E1 01515,72,E1,01515
0131_04891_b.jpg,70 B1 47189,70,B1,47189
0131_05287_b.jpg,59 V2 43654,59,V2,43654
0131_05638_b.jpg,59 D1 46288,59,D1,46288
0131_07186_b.jpg,59 L2 23714,59,L2,23714
0132_00984_b.jpg,59 P2 31316,59,P2,31316
0132_02227_b.jpg,59 E1 25297,59,E1,25297
0132_04142_b.jpg,59 S2 20617,59,S2,20617
0132_04633_b.jpg,49 E1 68973,49,E1,68973
0132_04704_b.jpg,59 S2 27831,59,S2,27831
0132_04939_b.jpg,59 P1 55811,59,P1,55811
0132_05835_b.jpg,59 C2 01909,59,C2,01909
0132_06084_b.jpg,71 C2 36423,71,C2,36423
0132_08092_b.jpg,59 T1 55500,59,T1,55500
0133_01915_b.jpg,77 C1 39373,77,C1,39373
0133_02013_b.jpg,93 P1 17409,93,P1,17409
0133_02544_b.jpg,59 L1 44802,59,L1,44802
0133_02608_b.jpg,66 P1 5967,66,P1,5967
0133_04344_b.jpg,59 F1 47404,59,F1,47404
0133_04876_b.jpg,51 H3 0234,51,H3,0234
0133_05630_b.jpg,51 L7 4255,51,L7,4255
0133_05979_b.jpg,54 P1 1782,54,P1,1782
0134_00217_b.jpg,85 S1 5378,85,S1,5378
0134_00408_b.jpg,51 L3 3664,51,L3,3664
0134_00579_b.jpg,72 L2 1703,72,L2,1703
0134_00660_b.jpg,59 F1 31469,59,F1,31469
0134_01049_b.jpg,54 Z2 8101,54,Z2,8101
0134_01670_b.jpg,59 P2 20947,59,P2,20947
0134_02562_b.jpg,54 U1 4469,54,U1,4469
0134_05469_b.jpg,59 N2 72061,59,N2,72061
0134_05943_b.jpg,59 T1 53668,59,T1,53668
0134_07394_b.jpg,51 H2 5512,51,H2,5512
0135_00503_b.jpg,60 B6 28032,60,B6,28032
0135_00957_b.jpg,52 F6 4378,52,F6,4378
0135_01754_b.jpg,38 Z1 0084,38,Z1,0084
0135_03054_b.jpg,63 B7 03323,63,B7,03323
0135_08228_b.jpg,59 P2 30351,59,P2,30351
0136_00205_b.jpg,59 M1 36452,59,M1,36452
0136_00507_b.jpg,72 C1 12511,72,C1,12511
0136_00659_b.jpg,59 N1 18063,59,N1,18063
0136_01022_b.jpg,49 B1 04182,49,B1,04182
0136_01678_b.jpg,86 H7 9591,86,H7,9591
0136_02503_b.jpg,54 S1 4959,54,S1,4959
0136_02540_b.jpg,85 B1 17851,85,B1,17851
0136_02545_b.jpg,51 T4 2133,51,T4,2133
0136_05068_b.jpg,62 M1 36169,62,M1,36169
0136_06222_b.jpg,60 B6 28032,60,B6,28032
0136_07165_b.jpg,59 E1 08058,59,E1,08058
0137_00194_b.jpg,59 S1 68287,59,S1,68287
0137_01124_b.jpg,59 L1 59150,59,L1,59150
0137_01848_b.jpg,51 Y6 7665,51,Y6,7665
0137_01947_b.jpg,55 P4 4641,55,P4,4641
0137_02503_b.jpg,54 S1 4959,54,S1,4959
0137_02601_b.jpg,59 T1 51002,59,T1,51002
0137_05575_b.jpg,59 K1 65072,59,K1,65072
0137_06221_b.jpg,59 S1 53418,59,S1,53418
0137_06297_b.jpg,95 DB 01179,95,DB,01179
0137_06846_b.jpg,59 T1 62133,59,T1,62133
0137_08135_b.jpg,59 M1 21704,59,M1,21704
0138_00196_b.jpg,65 S2 1319,65,S2,1319
0138_00331_b.jpg,85 F1 14927,85,F1,14927
0138_01676_b.jpg,70 SA 0367,70,SA,0367
0138_04418_b.jpg,54 U5 1223,54,U5,1223
0138_04577_b.jpg,79 N1 60529,79,N1,60529
0138_04710_b.jpg,60 C1 23774,60,C1,23774
0138_05001_b.jpg,59 X2 56462,59,X2,56462
0138_05250_b.jpg,60 P7 1246,60,P7,1246
0139_00214_b.jpg,72 L8 6035,72,L8,6035
0139_01915_b.jpg,77 C1 39373,77,C1,39373
0139_02551_b.jpg,59 U1 45476,59,U1,45476
0139_04415_b.jpg,59 T1 56987,59,T1,56987
0139_05267_b.jpg,70 EA 00557,70,EA,00557
0139_05725_b.jpg,86 B6 24682,86,B6,24682
0139_06601_b.jpg,59 K1 14468,59,K1,14468
0139_06709_b.jpg,59 N1 00018,59,N1,00018
0139_07138_b.jpg,54 X9 5114,54,X9,5114
0139_07305_b.jpg,59 T1 60830,59,T1,60830
0139_07352_b.jpg,59 F1 23865,59,F1,23865
0139_08121_b.jpg,66 N6 5519,66,N6,5519
0139_09523_b.jpg,59 B1 35294,59,B1,35294
0140_00057_b.jpg,59 U1 45781,59,U1,45781
0140_00065_b.jpg,59 H1 43986,59,H1,43986
0140_02257_b.jpg,61 D1 07911,61,D1,07911
0140_02522_b.jpg,59 V1 59716,59,V1,59716
0140_02549_b.jpg,59 T1 01439,59,T1,01439
0140_02608_b.jpg,66 P1 5967,66,P1,5967
0140_04869_b.jpg,54 T1 6084,54,T1,6084
0140_06114_b.jpg,79 K7 8987,79,K7,8987
0140_07349_b.jpg,59 L2 31395,59,L2,31395
0141_00373_b.jpg,59 M1 76054,59,M1,76054
0141_00718_b.jpg,59 E1 68785,59,E1,68785
0141_02242_b.jpg,59 V2 15800,59,V2,15800
0141_04084_b.jpg,65 H9 0714,65,H9,0714
0141_04768_b.jpg,79 Z1 18589,79,Z1,18589
0141_05568_b.jpg,51 M2 1719,51,M2,1719
0141_05722_b.jpg,54 L6 4897,54,L6,4897
0142_00253_b.jpg,34 K2 3664,34,K2,3664
0142_00769_b.jpg,51 V4 4579,51,V4,4579
0142_01632_b.jpg,71 B2 51318,71,B2,51318
0142_01919_b.jpg,59 V1 88114,59,V1,88114
0142_02093_b.jpg,51 H4 8354,51,H4,8354
0142_02613_b.jpg,62 N1 32746,62,N1,32746
0142_06535_b.jpg,81 B1 61386,81,B1,61386
0143_01360_b.jpg,59 N1 25521,59,N1,25521
0143_01861_b.jpg,71 B2 17757,71,B2,17757
0143_02079_b.jpg,59 C1 39916,59,C1,39916
0143_02510_b.jpg,59 T1 28966,59,T1,28966
0143_02523_b.jpg,59 F1 56129,59,F1,56129
0143_02624_b.jpg,59 C2 30513,59,C2,30513
0143_04342_b.jpg,59 C1 42818,59,C1,42818
0143_04789_b.jpg,59 M1 56378,59,M1,56378
0143_04794_b.jpg,60 B2 23567,60,B2,23567
0143_05732_b.jpg,59 S1 38731,59,S1,38731
0143_05783_b.jpg,59 M1 21704,59,M1,21704
0143_05857_b.jpg,59 C1 48275,59,C1,48275
0143_06806_b.jpg,70 L1 37096,70,L1,37096
0143_07365_b.jpg,59 P1 89267,59,P1,89267
0143_08168_b.jpg,54 X2 6487,54,X2,6487
0143_08257_b.jpg,71 B2 17757,71,B2,17757
0144_00053_b.jpg,59 H1 02876,59,H1,02876
0144_01003_b.jpg,59 X2 77399,59,X2,77399
0144_02007_b.jpg,51 K2 8501,51,K2,8501
0144_02519_b.jpg,59 G1 87671,59,G1,87671
0144_02600_b.jpg,59 X2 78848,59,X2,78848
0144_02609_b.jpg,56 P1 9074,56,P1,9074
0144_02616_b.jpg,72 K1 08989,72,K1,08989
0144_04987_b.jpg,59 K1 62404,59,K1,62404
0144_08012_b.jpg,59 S2 41737,59,S2,41737
0145_00462_b.jpg,53 R8 8556,53,R8,8556
0145_00573_b.jpg,59 P2 24979,59,P2,24979
0145_02531_b.jpg,59 C2 46633,59,C2,46633
0145_02546_b.jpg,83 H6 6954,83,H6,6954
0145_04083_b.jpg,59 T1 79742,59,T1,79742
0145_04181_b.jpg,59 X1 49369,59,X1,49369
0145_04373_b.jpg,53 R9 0844,53,R9,0844
0145_05660_b.jpg,59 X2 35479,59,X2,35479
0146_00588_b.jpg,59 L1 94176,59,L1,94176
0146_01335_b.jpg,59 P2 01920,59,P2,01920
0146_01640_b.jpg,59 V2 00884,59,V2,00884
0146_02557_b.jpg,49 F1 08660,49,F1,08660
0146_04190_b.jpg,72 L6 3974,72,L6,3974
0146_05460_b.jpg,54 S7 3211,54,S7,3211
0146_06245_b.jpg,59 F1 45842,59,F1,45842
0146_06747_b.jpg,59 D2 06428,59,D2,06428
0147_00127_b.jpg,49 M7 1975,49,M7,1975
0147_00208_b.jpg,59 N1 74939,59,N1,74939
0147_00438_b.jpg,68 T9 0223,68,T9,0223
0147_02217_b.jpg,59 X1 45128,59,X1,45128
0147_02236_b.jpg,86 H7 9591,86,H7,9591
0147_02536_b.jpg,51 L8 0104,51,L8,0104
0147_02594_b.jpg,59 C1 32428,59,C1,32428
0147_02600_b.jpg,59 X2 78848,59,X2,78848
0147_04388_b.jpg,59 L2 13938,59,L2,13938
0147_04452_b.jpg,49 K1 07320,49,K1,07320
0147_05075_b.jpg,59 N1 74864,59,N1,74864
0147_05135_b.jpg,60 B2 23567,60,B2,23567
0147_06572_b.jpg,59 S2 32386,59,S2,32386
0147_06954_b.jpg,50 HB 2282,50,HB,2282
0147_06999_b.jpg,66 S1 09018,66,S1,09018
0147_08012_b.jpg,59 B1 33968,59,B1,33968
0148_00001_b.jpg,59 E1 34192,59,E1,34192
0148_00310_b.jpg,59 T1 84807,59,T1,84807
0148_02583_b.jpg,59 C1 13183,59,C1,13183
0148_02602_b.jpg,59 U1 77792,59,U1,77792
0148_04580_b.jpg,49 K1 07320,49,K1,07320
0148_08252_b.jpg,49 B1 20807,49,B1,20807
0149_00951_b.jpg,62 V1 6814,62,V1,6814
0149_04489_b.jpg,59 Y1 64831,59,Y1,64831
0149_04597_b.jpg,49 K1 07320,49,K1,07320
0149_04664_b.jpg,60 C2 36687,60,C2,36687
0149_04677_b.jpg,59 C1 31162,59,C1,31162
0149_05370_b.jpg,52 T7 6433,52,T7,6433
0149_05849_b.jpg,70 G1 13509,70,G1,13509
0149_06285_b.jpg,59 T1 64417,59,T1,64417
0149_06389_b.jpg,72 X1 8179,72,X1,8179
0149_06587_b.jpg,71 H1 9657,71,H1,9657
0149_08181_b.jpg,69 D1 20415,69,D1,20415
0150_00416_b.jpg,60 B5 62583,60,B5,62583
0150_00460_b.jpg,59 T1 59973,59,T1,59973
0150_01054_b.jpg,94 D1 04771,94,D1,04771
0150_01360_b.jpg,59 N1 25521,59,N1,25521
0150_01377_b.jpg,76 V6 3429,76,V6,3429
0150_01640_b.jpg,59 V2 00884,59,V2,00884
0150_02256_b.jpg,66 K1 20670,66,K1,20670
0150_04096_b.jpg,70 B1 55132,70,B1,55132
0150_04187_b.jpg,59 L1 44716,59,L1,44716
0150_04802_b.jpg,59 N1 47102,59,N1,47102
0150_04829_b.jpg,51 S2 5013,51,S2,5013
0150_05844_b.jpg,63 H2 7326,63,H2,7326
0150_05851_b.jpg,59 L1 91651,59,L1,91651
0150_06837_b.jpg,47 R1 4301,47,R1,4301
0150_08257_b.jpg,60 B2 06370,60,B2,06370
0151_00052_b.jpg,59 Y1 87304,59,Y1,87304
0151_02013_b.jpg,93 P1 17409,93,P1,17409
0151_02019_b.jpg,60 B3 25220,60,B3,25220
0151_04111_b.jpg,48 B1 28807,48,B1,28807
0151_05192_b.jpg,37 K4 6713,37,K4,6713
0151_07240_b.jpg,59 E1 65903,59,E1,65903
0151_08171_b.jpg,72 K1 25476,72,K1,25476
0151_08249_b.jpg,52 S3 7078,52,S3,7078
0152_00001_b.jpg,59 E1 34192,59,E1,34192
0152_00988_b.jpg,59 S2 23546,59,S2,23546
0152_01985_b.jpg,51 P5 4578,51,P5,4578
0152_06205_b.jpg,59 P1 12875,59,P1,12875
0152_08092_b.jpg,59 L1 36261,59,L1,36261
0153_00460_b.jpg,59 T1 59973,59,T1,59973
0153_00906_b.jpg,54 H1 5326,54,H1,5326
0153_02505_b.jpg,59 V1 89158,59,V1,89158
0153_02530_b.jpg,59 M1 60077,59,M1,60077
0153_02574_b.jpg,50 N1 07428,50,N1,07428
0153_03025_b.jpg,55 P6 2004,55,P6,2004
0153_04351_b.jpg,54 R4 7039,54,R4,7039
0153_05328_b.jpg,59 S1 35252,59,S1,35252
0153_06070_b.jpg,59 D1 43391,59,D1,43391
0154_00518_b.jpg,64 K4 7483,64,K4,7483
0154_00769_b.jpg,51 V4 4579,51,V4,4579
0154_01990_b.jpg,72 F1 35507,72,F1,35507
0154_02212_b.jpg,54 P7 2138,54,P7,2138
0154_02257_b.jpg,61 D1 07911,61,D1,07911
0154_02580_b.jpg,60 X9 4808,60,X9,4808
0154_03021_b.jpg,63 B1 32004,63,B1,32004
0154_05226_b.jpg,81 B1 26810,81,B1,26810
0154_06496_b.jpg,59 N1 47102,59,N1,47102
0154_07191_b.jpg,59 P2 11120,59,P2,11120
0155_00047_b.jpg,54 X4 1983,54,X4,1983
0155_00418_b.jpg,59 N1 76654,59,N1,76654
0155_01305_b.jpg,59 T1 56150,59,T1,56150
0155_01524_b.jpg,59 H1 59324,59,H1,59324
0156_04102_b.jpg,54 L4 2110,54,L4,2110
0156_07336_b.jpg,59 U1 57674,59,U1,57674
0157_00083_b.jpg,86 C1 07261,86,C1,07261
0157_00096_b.jpg,59 P2 00263,59,P2,00263
0157_00906_b.jpg,54 H1 5326,54,H1,5326
0157_01727_b.jpg,69 D1 05661,69,D1,05661
0157_01915_b.jpg,77 C1 39373,77,C1,39373
0157_02500_b.jpg,51 L3 4827,51,L3,4827
0157_02592_b.jpg,43 D1 06544,43,D1,06544
0157_05295_b.jpg,59 T1 02309,59,T1,02309
0158_00834_b.jpg,59 E1 19283,59,E1,19283
0158_01702_b.jpg,59 F1 03055,59,F1,03055
0158_05358_b.jpg,59 E1 64516,59,E1,64516
0158_05596_b.jpg,59 U1 65072,59,U1,65072
0158_06483_b.jpg,59 E1 19803,59,E1,19803
0158_06500_b.jpg,59 N1 73948,59,N1,73948
0158_06656_b.jpg,59 K1 02625,59,K1,02625
0158_08078_b.jpg,79 D1 07705,79,D1,07705
0159_00418_b.jpg,59 N1 76654,59,N1,76654
0159_02276_b.jpg,59 F1 03568,59,F1,03568
0159_02500_b.jpg,51 L3 4827,51,L3,4827
0159_02577_b.jpg,79 N1 79117,79,N1,79117
0159_03023_b.jpg,92 D1 42705,92,D1,42705
0159_04714_b.jpg,59 S2 28834,59,S2,28834
0159_04916_b.jpg,59 E1 56347,59,E1,56347
0159_05256_b.jpg,59 F1 15042,59,F1,15042
0200_04363_b.jpg,59 K1 64227,59,K1,64227
0200_05891_b.jpg,56 P2 5663,56,P2,5663
0200_06533_b.jpg,54 K4 8147,54,K4,8147
0200_08054_b.jpg,59 C1 53993,59,C1,53993
0200_08319_b.jpg,71 B2 39897,71,B2,39897
0200_08375_b.jpg,63 H3 1295,63,H3,1295
0201_04010_b.jpg,51 K6 1392,51,K6,1392
0201_05010_b.jpg,59 S1 53418,59,S1,53418
0201_05131_b.jpg,59 S1 95382,59,S1,95382
0201_05320_b.jpg,59 S2 44717,59,S2,44717
0201_06401_b.jpg,86 C1 33139,86,C1,33139
0202_03024_b.jpg,53 Z2 3502,53,Z2,3502
0202_04129_b.jpg,59 H1 54289,59,H1,54289
0202_04179_b.jpg,59 F1 09031,59,F1,09031
0202_04264_b.jpg,78 E1 24113,78,E1,24113
0202_04589_b.jpg,67 E1 05420,67,E1,05420
0202_04805_b.jpg,51 Z3 0606,51,Z3,0606
0202_05672_b.jpg,59 H1 40639,59,H1,40639
0203_00419_b.jpg,59 T1 38506,59,T1,38506
0203_00488_b.jpg,59 S1 74203,59,S1,74203
0203_01062_b.jpg,59 F1 58405,59,F1,58405
0203_02003_b.jpg,59 S2 32928,59,S2,32928
0203_04832_b.jpg,79 U2 4621,79,U2,4621
0203_05531_b.jpg,59 S2 54455,59,S2,54455
0203_06622_b.jpg,47 B1 42642,47,B1,42642
0203_09520_b.jpg,54 R2 4924,54,R2,4924
0204_05256_b.jpg,60 B2 36161,60,B2,36161
0204_07385_b.jpg,59 T1 65550,59,T1,65550
0205_00471_b.jpg,76 H1 17550,76,H1,17550
0205_00866_b.jpg,59 C1 61891,59,C1,61891
0205_04086_b.jpg,59 S1 31197,59,S1,31197
0205_04478_b.jpg,59 L2 05442,59,L2,05442
0205_05743_b.jpg,59 X2 36167,59,X2,36167
0205_06486_b.jpg,59 C1 04054,59,C1,04054
0205_07100_b.jpg,77 D1 12938,77,D1,12938
0205_07244_b.jpg,59 T1 18362,59,T1,18362
0205_08135_b.jpg,59 U1 39997,59,U1,39997
0206_00158_b.jpg,59 T1 05297,59,T1,05297
0206_04440_b.jpg,59 N2 43756,59,N2,43756
0206_05783_b.jpg,95 P2 6027,95,P2,6027
0206_07127_b.jpg,71 B2 89897,71,B2,89897
0206_07238_b.jpg,59 N1 76049,59,N1,76049
0206_08036_b.jpg,51 U8 3423,51,U8,3423
0207_00521_b.jpg,54 T1 2473,54,T1,2473
0207_01409_b.jpg,59 D1 43820,59,D1,43820
0207_04185_b.jpg,59 L1 56720,59,L1,56720
0207_04299_b.jpg,54 S8 5489,54,S8,5489
0207_04411_b.jpg,54 N5 6409,54,N5,6409
0207_06374_b.jpg,59 E1 29660,59,E1,29660
0207_07240_b.jpg,59 T1 46101,59,T1,46101
0208_01163_b.jpg,59 P1 52639,59,P1,52639
0208_01987_b.jpg,61 H5 9381,61,H5,9381
0208_04293_b.jpg,59 H1 52850,59,H1,52850
0208_05067_b.jpg,59 T1 66153,59,T1,66153
0208_06253_b.jpg,59 B1 22119,59,B1,22119
0208_06505_b.jpg,59 E1 55040,59,E1,55040
0208_06556_b.jpg,59 S1 39487,59,S1,39487
0208_07011_b.jpg,53 R5 0201,53,R5,0201
0209_02619_b.jpg,59 N1 61776,59,N1,61776
0209_04147_b.jpg,71 S5 5600,71,S5,5600
0209_04404_b.jpg,62 K1 17929,62,K1,17929
0209_04563_b.jpg,59 F1 09596,59,F1,09596
0209_04828_b.jpg,59 F1 18814,59,F1,18814
0209_05225_b.jpg,59 K1 43840,59,K1,43840
0209_05405_b.jpg,59 F1 26626,59,F1,26626
0209_06283_b.jpg,86 B6 21890,86,B6,21890
0209_06894_b.jpg,79 C1 22177,79,C1,22177
0209_08007_b.jpg,54 S2 2148,54,S2,2148
0209_08094_b.jpg,59 D1 01978,59,D1,01978
0209_08290_b.jpg,59 C1 49684,59,C1,49684
0210_01045_b.jpg,59 E1 29565,59,E1,29565
0210_02219_b.jpg,64 D1 21888,64,D1,21888
0210_04345_b.jpg,59 S1 10393,59,S1,10393
0210_04453_b.jpg,59 P2 11206,59,P2,11206
0210_04510_b.jpg,77 Y3 4619,77,Y3,4619
0210_05414_b.jpg,62 K1 17929,62,K1,17929
0210_06105_b.jpg,59 E1 17936,59,E1,17936
0210_07395_b.jpg,66 L1 35224,66,L1,35224
0210_08114_b.jpg,59 C1 63631,59,C1,63631
0211_00866_b.jpg,59 C1 61891,59,C1,61891
0211_01098_b.jpg,59 V2 08341,59,V2,08341
0211_01448_b.jpg,59 E1 53127,59,E1,53127
0211_04855_b.jpg,54 R2 2733,54,R2,2733
0211_05326_b.jpg,67 H1 03655,67,H1,03655
0211_07006_b.jpg,69 U1 3670,69,U1,3670
0211_08346_b.jpg,49 E1 15383,49,E1,15383
0212_00158_b.jpg,59 T1 05297,59,T1,05297
0212_00289_b.jpg,63 B9 63040,63,B9,63040
0212_01946_b.jpg,59 H1 67791,59,H1,67791
0212_02007_b.jpg,51 K2 8501,51,K2,8501
0212_04024_b.jpg,71 H1 5518,71,H1,5518
0212_06671_b.jpg,59 H1 67791,59,H1,67791
0212_07303_b.jpg,54 Z7 3400,54,Z7,3400
0213_00318_b.jpg,59 C1 24785,59,C1,24785
0213_01426_b.jpg,52 F7 3840,52,F7,3840
0213_02212_b.jpg,54 P7 2138,54,P7,2138
0213_02232_b.jpg,59 H1 19374,59,H1,19374
0213_04627_b.jpg,51 S6 3577,51,S6,3577
0214_04674_b.jpg,51 X9 1894,51,X9,1894
0214_05762_b.jpg,79 Z1 04811,79,Z1,04811
0214_06062_b.jpg,59 M1 08275,59,M1,08275
0215_01946_b.jpg,59 H1 67791,59,H1,67791
0215_04767_b.jpg,59 C1 30923,59,C1,30923
0215_04770_b.jpg,77 H6 2229,77,H6,2229
0215_05824_b.jpg,59 H1 67791,59,H1,67791
0215_05885_b.jpg,53 Z1 1759,53,Z1,1759
0215_06112_b.jpg,59 L1 45900,59,L1,45900
0215_06197_b.jpg,59 Y1 71364,59,Y1,71364
0216_04264_b.jpg,71 B1 12522,71,B1,12522
0216_04997_b.jpg,81 H1 2204,81,H1,2204
0217_00819_b.jpg,55 X1 7546,55,X1,7546
0217_04676_b.jpg,59 U1 59175,59,U1,59175
0217_05420_b.jpg,54 L2 9072,54,L2,9072
0217_05820_b.jpg,59 E1 70535,59,E1,70535
0218_00868_b.jpg,59 L1 16392,59,L1,16392
0218_01944_b.jpg,59 K1 13099,59,K1,13099
0218_06096_b.jpg,60 F1 61750,60,F1,61750
0219_01300_b.jpg,63 B2 16353,63,B2,16353
0219_02124_b.jpg,59 E1 42530,59,E1,42530
0219_02212_b.jpg,54 P7 2138,54,P7,2138
0219_05090_b.jpg,59 X2 96553,59,X2,96553
0219_05548_b.jpg,59 X1 37438,59,X1,37438
0219_05824_b.jpg,69 AB 02673,69,AB,02673
0219_06384_b.jpg,59 L2 05442,59,L2,05442
0219_06795_b.jpg,68 X1 21002,68,X1,21002
0220_05177_b.jpg,59 S2 51095,59,S2,51095
0220_06089_b.jpg,59 M1 07790,59,M1,07790
0220_06495_b.jpg,52 F4 1035,52,F4,1035
0220_06737_b.jpg,76 C1 11649,76,C1,11649
0220_06743_b.jpg,59 S1 81834,59,S1,81834
0220_06927_b.jpg,59 P1 33458,59,P1,33458
0220_08036_b.jpg,52 P2 0878,52,P2,0878
0221_01394_b.jpg,66 L3 6400,66,L3,6400
0221_02231_b.jpg,59 V2 45387,59,V2,45387
0221_04587_b.jpg,67 M2 3789,67,M2,3789
0221_05115_b.jpg,54 P8 3069,54,P8,3069
0221_05348_b.jpg,47 H7 5226,47,H7,5226
0221_06228_b.jpg,59 P2 32334,59,P2,32334
0221_06536_b.jpg,82 B1 26169,82,B1,26169
0221_06848_b.jpg,59 X1 36052,59,X1,36052
0221_07069_b.jpg,78 D1 08469,78,D1,08469
0221_08150_b.jpg,16 M9 0826,16,M9,0826
0222_00578_b.jpg,59 S2 28834,59,S2,28834
0222_01280_b.jpg,59 B1 31489,59,B1,31489
0222_04772_b.jpg,59 S1 55483,59,S1,55483
0222_05681_b.jpg,83 C1 17111,83,C1,17111
0222_05767_b.jpg,59 P2 18900,59,P2,18900
0222_06987_b.jpg,52 U6 2655,52,U6,2655
0222_07182_b.jpg,54 V3 8314,54,V3,8314
0222_07268_b.jpg,51 X9 1894,51,X9,1894
0222_08157_b.jpg,62 S3 5031,62,S3,5031
0223_04758_b.jpg,59 L2 32473,59,L2,32473
0223_05868_b.jpg,77 L1 00895,77,L1,00895
0223_06130_b.jpg,60 B3 37846,60,B3,37846
0223_07200_b.jpg,51 H5 8092,51,H5,8092
0224_01998_b.jpg,66 P1 5739,66,P1,5739
0224_02215_b.jpg,54 L4 2443,54,L4,2443
0224_04757_b.jpg,54 K1 6483,54,K1,6483
0224_04918_b.jpg,54 F3 0096,54,F3,0096
0224_07070_b.jpg,60 B1 93113,60,B1,93113
0225_01448_b.jpg,59 E1 53127,59,E1,53127
0225_01589_b.jpg,59 B1 38559,59,B1,38559
0225_05464_b.jpg,36 F4 2678,36,F4,2678
0225_06106_b.jpg,71 H8 8424,71,H8,8424
0225_06388_b.jpg,59 F1 62919,59,F1,62919
0225_06697_b.jpg,59 F1 47404,59,F1,47404
0226_01513_b.jpg,54 L3 6961,54,L3,6961
0226_06210_b.jpg,59 C2 49200,59,C2,49200
0227_06215_b.jpg,59 U1 51771,59,U1,51771
0227_06391_b.jpg,71 B1 11345,71,B1,11345
0227_07169_b.jpg,59 P2 34276,59,P2,34276
0227_08385_b.jpg,69 C1 28588,69,C1,28588
0228_01392_b.jpg,59 H1 04425,59,H1,04425
0228_01938_b.jpg,59 N1 01425,59,N1,01425
0228_05851_b.jpg,60 C1 65829,60,C1,65829
0228_06205_b.jpg,77 M6 3369,77,M6,3369
0228_08009_b.jpg,54 U4 6484,54,U4,6484
0229_04927_b.jpg,59 P1 47969,59,P1,47969
0229_05104_b.jpg,60 B8 49928,60,B8,49928
0229_05817_b.jpg,49 E1 15383,49,E1,15383
0229_05899_b.jpg,54 Z1 2997,54,Z1,2997
0229_06802_b.jpg,59 S1 87231,59,S1,87231
0230_01270_b.jpg,59 V1 09869,59,V1,09869
0230_02213_b.jpg,70 B1 32168,70,B1,32168
0230_06967_b.jpg,59 FA 00591,59,FA,00591
0231_04382_b.jpg,59 T1 32229,59,T1,32229
0231_04847_b.jpg,52 F3 7458,52,F3,7458
0231_04861_b.jpg,51 X9 1894,51,X9,1894
0231_05371_b.jpg,52 S2 4832,52,S2,4832
0231_05886_b.jpg,77 H1 19025,77,H1,19025
0231_08286_b.jpg,60 Z7 7813,60,Z7,7813
0232_07283_b.jpg,53 X6 6011,53,X6,6011
0233_02235_b.jpg,63 B1 40991,63,B1,40991
0233_04418_b.jpg,55 P4 8831,55,P4,8831
0233_05608_b.jpg,59 P1 92893,59,P1,92893
0233_05690_b.jpg,63 B1 40991,63,B1,40991
0233_05976_b.jpg,54 F3 0667,54,F3,0667
0233_06177_b.jpg,59 D1 20255,59,D1,20255
0233_06485_b.jpg,59 Y1 71364,59,Y1,71364
0234_02191_b.jpg,51 R4 2488,51,R4,2488
0234_04035_b.jpg,77 F1 30577,77,F1,30577
0234_04594_b.jpg,53 X6 6011,53,X6,6011
0234_04694_b.jpg,60 B9 37375,60,B9,37375
0234_05151_b.jpg,59 F1 31316,59,F1,31316
0234_05215_b.jpg,55 Y1 9833,55,Y1,9833
0234_06540_b.jpg,59 H1 52512,59,H1,52512
0235_00464_b.jpg,54 Y9 9149,54,Y9,9149
0235_01148_b.jpg,59 Z1 20681,59,Z1,20681
0235_04524_b.jpg,54 T1 9588,54,T1,9588
0235_04862_b.jpg,59 S2 11998,59,S2,11998
0235_06933_b.jpg,59 E1 65653,59,E1,65653
0236_02272_b.jpg,54 H1 4882,54,H1,4882
0236_04123_b.jpg,54 P7 6117,54,P7,6117
0236_04184_b.jpg,54 T1 72332,54,T1,72332
0236_04241_b.jpg,95 H1 12178,95,H1,12178
0236_04875_b.jpg,54 U5 7119,54,U5,7119
0236_05259_b.jpg,59 G1 85820,59,G1,85820
0236_05858_b.jpg,49 E1 15383,49,E1,15383
0236_08055_b.jpg,59 Y1 91982,59,Y1,91982
0236_08258_b.jpg,61 G1 25122,61,G1,25122
0237_00523_b.jpg,51 P9 8308,51,P9,8308
0237_02213_b.jpg,70 B1 32168,70,B1,32168
0237_04744_b.jpg,51 K5 9102,51,K5,9102
0237_04858_b.jpg,59 P2 08324,59,P2,08324
0237_08208_b.jpg,59 C2 42504,59,C2,42504
0238_00112_b.jpg,51 S5 0082,51,S5,0082
0238_01814_b.jpg,78 N2 5203,78,N2,5203
0238_01984_b.jpg,59 L1 13826,59,L1,13826
0238_03008_b.jpg,59 P1 97255,59,P1,97255
0238_04133_b.jpg,59 P1 24497,59,P1,24497
0238_04269_b.jpg,63 B6 13421,63,B6,13421
0238_04368_b.jpg,59 F1 42819,59,F1,42819
0238_04479_b.jpg,76 U1 13938,76,U1,13938
0238_06410_b.jpg,54 P2 8057,54,P2,8057
0238_07112_b.jpg,95 E1 17763,95,E1,17763
0238_08297_b.jpg,51 L3 8385,51,L3,8385
0239_00719_b.jpg,59 X2 67178,59,X2,67178
0239_01380_b.jpg,79 N1 6788,79,N1,6788
0239_04588_b.jpg,59 L1 81006,59,L1,81006
0239_04692_b.jpg,59 L2 31395,59,L2,31395
0239_04816_b.jpg,59 H1 19466,59,H1,19466
0239_05654_b.jpg,59 F1 32246,59,F1,32246
0239_05848_b.jpg,59 X1 37438,59,X1,37438
0239_05983_b.jpg,52 F3 3586,52,F3,3586
0239_06155_b.jpg,54 T2 0810,54,T2,0810
0240_02213_b.jpg,70 B1 32168,70,B1,32168
0240_04445_b.jpg,59 Z1 13930,59,Z1,13930
0240_05371_b.jpg,59 L1 89475,59,L1,89475
0240_05813_b.jpg,81 H1 2204,81,H1,2204
0240_05990_b.jpg,54 L4 2443,54,L4,2443
0240_06217_b.jpg,59 U1 93221,59,U1,93221
0240_06439_b.jpg,59 P1 25512,59,P1,25512
0240_06671_b.jpg,59 T1 46685,59,T1,46685
0240_06702_b.jpg,52 N5 2030,52,N5,2030
0241_02252_b.jpg,82 H1 08866,82,H1,08866
0241_04404_b.jpg,59 Y1 71364,59,Y1,71364
0241_04575_b.jpg,59 L1 82243,59,L1,82243
0241_05387_b.jpg,72 C1 70989,72,C1,70989
0241_06153_b.jpg,60 F2 01949,60,F2,01949
0241_06165_b.jpg,54 P8 1515,54,P8,1515
0241_06752_b.jpg,54 S2 2148,54,S2,2148
0241_06976_b.jpg,61 H1 09139,61,H1,09139
0241_06978_b.jpg,59 S2 29969,59,S2,29969
0241_08258_b.jpg,60 C1 61975,60,C1,61975
0242_01591_b.jpg,92 N1 03003,92,N1,03003
0242_01975_b.jpg,63 S2 0246,63,S2,0246
0242_04555_b.jpg,79 H5 7630,79,H5,7630
0242_05642_b.jpg,59 X2 94270,59,X2,94270
0242_05960_b.jpg,59 K2 01224,59,K2,01224
0242_06193_b.jpg,82 B1 19789,82,B1,19789
0242_06436_b.jpg,94 E1 19317,94,E1,19317
0242_06966_b.jpg,85 R8 3682,85,R8,3682
0242_07067_b.jpg,59 C2 27415,59,C2,27415
0242_08139_b.jpg,59 L1 00246,59,L1,00246
0243_04804_b.jpg,59 E1 72361,59,E1,72361
0243_04829_b.jpg,59 L1 50899,59,L1,50899
0243_05046_b.jpg,59 V2 45506,59,V2,45506
0243_05384_b.jpg,59 V1 71541,59,V1,71541
0243_05688_b.jpg,59 P1 33163,59,P1,33163
0243_06072_b.jpg,59 P1 83738,59,P1,83738
0243_06197_b.jpg,59 H1 35460,59,H1,35460
0243_06432_b.jpg,66 H6 0786,66,H6,0786
0243_07306_b.jpg,59 P1 39355,59,P1,39355
0243_07366_b.jpg,59 B1 25157,59,B1,25157
0243_08319_b.jpg,52 T5 6177,52,T5,6177
0244_00257_b.jpg,54 T4 6647,54,T4,6647
0244_00288_b.jpg,59 S2 31606,59,S2,31606
0244_04022_b.jpg,59 M1 46204,59,M1,46204
0244_04045_b.jpg,59 U1 56529,59,U1,56529
0244_04480_b.jpg,59 G1 15255,59,G1,15255
0244_05322_b.jpg,51 R5 2701,51,R5,2701
0244_05397_b.jpg,54 T3 6239,54,T3,6239
0244_06332_b.jpg,59 L2 11500,59,L2,11500
0244_06639_b.jpg,59 U1 84366,59,U1,84366
0245_00460_b.jpg,59 T1 59973,59,T1,59973
0245_01965_b.jpg,59 T1 29613,59,T1,29613
0245_04007_b.jpg,59 M1 61406,59,M1,61406
0245_04612_b.jpg,53 Y3 5614,53,Y3,5614
0245_04694_b.jpg,61 C1 52787,61,C1,52787
0245_04761_b.jpg,59 E1 00179,59,E1,00179
0245_05507_b.jpg,59 P1 97255,59,P1,97255
0245_06837_b.jpg,61 D1 12878,61,D1,12878
0246_01333_b.jpg,59 C2 46326,59,C2,46326
0246_02252_b.jpg,82 H1 08866,82,H1,08866
0246_04148_b.jpg,51 F9 1341,51,F9,1341
0246_04669_b.jpg,60 C2 00684,60,C2,00684
0246_04689_b.jpg,59 VA 00843,59,VA,00843
0246_04692_b.jpg,49 L1 01241,49,L1,01241
0246_04989_b.jpg,52 T5 6177,52,T5,6177
0246_05507_b.jpg,59 S1 94422,59,S1,94422
0246_07355_b.jpg,59 C1 23083,59,C1,23083
0247_03048_b.jpg,59 FA 00982,59,FA,00982
0247_04267_b.jpg,59 C2 44333,59,C2,44333
0247_04916_b.jpg,59 M1 21704,59,M1,21704
0247_06037_b.jpg,81 G1 13556,81,G1,13556
0247_06853_b.jpg,59 M1 07790,59,M1,07790
0247_08138_b.jpg,59 T1 46685,59,T1,46685
0248_01979_b.jpg,59 M1 71443,59,M1,71443
0248_02244_b.jpg,59 H1 46704,59,H1,46704
0248_04462_b.jpg,59 P1 86084,59,P1,86084
0248_04991_b.jpg,60 B5 11827,60,B5,11827
0248_06621_b.jpg,59 C2 52795,59,C2,52795
0248_08125_b.jpg,67 B1 69660,67,B1,69660
0249_00316_b.jpg,59 U1 49726,59,U1,49726
0249_00404_b.jpg,59 F1 36564,59,F1,36564
0249_00586_b.jpg,59 S2 08082,59,S2,08082
0249_00984_b.jpg,59 P2 31316,59,P2,31316
0249_02212_b.jpg,54 P7 2138,54,P7,2138
0249_04799_b.jpg,59 K1 22599,59,K1,22599
0249_05715_b.jpg,59 M1 07790,59,M1,07790
0249_05720_b.jpg,59 H1 54792,59,H1,54792
0249_05926_b.jpg,59 P2 32334,59,P2,32334
0249_06036_b.jpg,67 G1 06716,67,G1,06716
0249_07048_b.jpg,59 Y1 92533,59,Y1,92533
0249_08080_b.jpg,59 X1 37438,59,X1,37438
0249_08308_b.jpg,54 T2 0810,54,T2,0810
0249_08347_b.jpg,59 F1 71478,59,F1,71478
0250_02065_b.jpg,59 L2 14999,59,L2,14999
0250_04249_b.jpg,49 B1 23354,49,B1,23354
0250_04426_b.jpg,52 Y3 5969,52,Y3,5969
0250_06810_b.jpg,59 L1 48183,59,L1,48183
0250_07351_b.jpg,59 E1 02993,59,E1,02993
0251_01938_b.jpg,59 N1 01425,59,N1,01425
0251_04333_b.jpg,54 S8 5452,54,S8,5452
0251_04747_b.jpg,59 X2 65176,59,X2,65176
0251_05043_b.jpg,59 U1 78039,59,U1,78039
0251_06093_b.jpg,60 FL 7420,60,FL,7420
0251_06509_b.jpg,59 P2 11206,59,P2,11206
0251_07030_b.jpg,76 G1 22607,76,G1,22607
0251_07090_b.jpg,59 D2 13113,59,D2,13113
0252_01426_b.jpg,52 F7 3840,52,F7,3840
0252_05497_b.jpg,49 L1 04456,49,L1,04456
0252_05688_b.jpg,49 K1 20886,49,K1,20886
0252_06193_b.jpg,51 L3 0352,51,L3,0352
0252_08125_b.jpg,59 X1 40243,59,X1,40243
0253_01158_b.jpg,59 F1 54719,59,F1,54719
0253_01652_b.jpg,71 B1 40140,71,B1,40140
0253_04437_b.jpg,59 S1 24831,59,S1,24831
0253_05670_b.jpg,59 Y1 87724,59,Y1,87724
0253_05732_b.jpg,54 S2 5505,54,S2,5505
0253_05735_b.jpg,75 F1 02991,75,F1,02991
0253_05888_b.jpg,59 P2 08324,59,P2,08324
0253_06106_b.jpg,54 S5 4376,54,S5,4376
0253_06153_b.jpg,59 P2 23103,59,P2,23103
0253_06368_b.jpg,66 N1 13034,66,N1,13034
0253_07090_b.jpg,52 F5 3512,52,F5,3512
0254_02098_b.jpg,59 S2 14940,59,S2,14940
0254_04526_b.jpg,59 Z1 19632,59,Z1,19632
0254_04984_b.jpg,51 S9 3114,51,S9,3114
0254_05123_b.jpg,60 B7 11557,60,B7,11557
0254_05925_b.jpg,77 H1 06830,77,H1,06830
0254_07092_b.jpg,77 C1 22697,77,C1,22697
0254_08017_b.jpg,59 Z1 26553,59,Z1,26553
0255_03013_b.jpg,59 X2 55150,59,X2,55150
0255_04602_b.jpg,59 C1 13696,59,C1,13696
0255_04769_b.jpg,59 L2 31318,59,L2,31318
0255_05062_b.jpg,86 C1 47515,86,C1,47515
0255_05272_b.jpg,93 K1 14005,93,K1,14005
0255_05669_b.jpg,59 B1 33576,59,B1,33576
0255_06511_b.jpg,59 P1 89267,59,P1,89267
0255_07272_b.jpg,59 P1 85700,59,P1,85700
0256_03048_b.jpg,59 FA 00982,59,FA,00982
0256_04505_b.jpg,59 U1 84366,59,U1,84366
0256_04748_b.jpg,59 C1 67071,59,C1,67071
0256_04915_b.jpg,60 C1 35331,60,C1,35331
0256_05284_b.jpg,54 S9 0621,54,S9,0621
0256_06104_b.jpg,59 H1 15793,59,H1,15793
0256_06336_b.jpg,66 P1 51993,66,P1,51993
0256_06418_b.jpg,53 V7 3196,53,V7,3196
0256_06559_b.jpg,54 H3 5581,54,H3,5581
0256_06748_b.jpg,51 L6 8446,51,L6,8446
0256_06916_b.jpg,67 N1 20886,67,N1,20886
0256_07076_b.jpg,51 L5 4520,51,L5,4520
0256_08083_b.jpg,59 C2 28114,59,C2,28114
0257_04030_b.jpg,59 P1 88847,59,P1,88847
0257_04207_b.jpg,59 V2 33522,59,V2,33522
0257_04316_b.jpg,54 S8 5452,54,S8,5452
0257_04368_b.jpg,59 L2 31395,59,L2,31395
0257_05164_b.jpg,67 M5 9687,67,M5,9687
0257_05420_b.jpg,71 B2 07999,71,B2,07999
0257_06012_b.jpg,60 B1 49139,60,B1,49139
0257_06825_b.jpg,54 S8 5452,54,S8,5452
0257_08272_b.jpg,78 H9 2348,78,H9,2348
0258_00465_b.jpg,37 E1 19145,37,E1,19145
0258_02192_b.jpg,59 H1 47751,59,H1,47751
0258_04125_b.jpg,52 Z8 7327,52,Z8,7327
0258_04132_b.jpg,79 K1 02061,79,K1,02061
0258_04244_b.jpg,59 P2 32334,59,P2,32334
0258_05146_b.jpg,59 P2 32334,59,P2,32334
0258_05228_b.jpg,54 H4 4091,54,H4,4091
0258_05430_b.jpg,54 F2 3213,54,F2,3213
0258_05596_b.jpg,59 P1 78999,59,P1,78999
0258_05844_b.jpg,59 D1 98276,59,D1,98276
0258_05908_b.jpg,55 Y4 8437,55,Y4,8437
0258_05987_b.jpg,61 S4 0134,61,S4,0134
0258_06413_b.jpg,54 F4 5279,54,F4,5279
0258_06866_b.jpg,59 M1 90208,59,M1,90208
0258_07099_b.jpg,59 F1 49759,59,F1,49759
0259_00506_b.jpg,54 S5 4463,54,S5,4463
0259_02136_b.jpg,54 S2 5505,54,S2,5505
0259_04193_b.jpg,54 S1 6830,54,S1,6830
0259_04561_b.jpg,60 F1 18319,60,F1,18319
0259_05991_b.jpg,59 T1 53485,59,T1,53485
0259_06071_b.jpg,59 T1 65671,59,T1,65671
0259_06081_b.jpg,52 Z6 7766,52,Z6,7766
0259_06228_b.jpg,53 S3 9152,53,S3,9152
0300_04128_b.jpg,59 H1 43564,59,H1,43564
0300_05183_b.jpg,59 D1 13629,59,D1,13629
0300_05485_b.jpg,72 C1 78916,72,C1,78916
0300_05565_b.jpg,59 C2 31601,59,C2,31601
0300_06559_b.jpg,62 H5 7108,62,H5,7108
0300_06654_b.jpg,93 F1 17078,93,F1,17078
0300_06692_b.jpg,71 B1 97914,71,B1,97914
0300_06715_b.jpg,59 C2 01208,59,C2,01208
0300_07142_b.jpg,78 G1 04308,78,G1,04308
0300_07384_b.jpg,59 E1 70850,59,E1,70850
0300_08022_b.jpg,59 M1 90208,59,M1,90208
0301_01589_b.jpg,59 B1 38559,59,B1,38559
0301_02272_b.jpg,54 H1 4882,54,H1,4882
0301_04090_b.jpg,59 S1 09841,59,S1,09841
0301_06167_b.jpg,59 S2 47061,59,S2,47061
0301_06356_b.jpg,81 G1 13556,81,G1,13556
0301_06523_b.jpg,60 F1 50670,60,F1,50670
0301_06684_b.jpg,76 H1 06161,76,H1,06161
0301_06728_b.jpg,59 X2 75198,59,X2,75198
0301_07224_b.jpg,55 P9 2840,55,P9,2840
0301_08123_b.jpg,59 M1 94458,59,M1,94458
0302_00286_b.jpg,60 B1 04034,60,B1,04034
0302_01513_b.jpg,54 L3 6961,54,L3,6961
0302_02259_b.jpg,55 X8 6970,55,X8,6970
0302_04345_b.jpg,67 B1 69660,67,B1,69660
0302_04617_b.jpg,78 H1 02133,78,H1,02133
0302_05034_b.jpg,59 C2 50621,59,C2,50621
0302_05381_b.jpg,52 H4 0234,52,H4,0234
0302_06557_b.jpg,51 V2 3974,51,V2,3974
0302_07260_b.jpg,59 V2 26310,59,V2,26310
0302_08192_b.jpg,59 F1 73270,59,F1,73270
0302_08195_b.jpg,51 H4 9707,51,H4,9707
0302_08233_b.jpg,54 F2 4106,54,F2,4106
0302_08253_b.jpg,54 R3 0018,54,R3,0018
0303_01887_b.jpg,59 D1 88728,59,D1,88728
0303_06385_b.jpg,59 S2 303119,59,S2,303119
0303_06563_b.jpg,52 P2 0878,52,P2,0878
0303_06824_b.jpg,59 F1 68564,59,F1,68564
0303_07121_b.jpg,59 M1 46204,59,M1,46204
0304_04071_b.jpg,59 D1 50216,59,D1,50216
0304_04979_b.jpg,67 B1 69660,67,B1,69660
0304_05657_b.jpg,54 X9 9300,54,X9,9300
0304_05676_b.jpg,59 F1 63186,59,F1,63186
0304_06288_b.jpg,77 F7 8919,77,F7,8919
0304_06912_b.jpg,54 U5 4316,54,U5,4316
0304_07392_b.jpg,54 V1 5558,54,V1,5558
0304_07398_b.jpg,54 U3 9055,54,U3,9055
0305_01307_b.jpg,59 F1 65171,59,F1,65171
0305_04101_b.jpg,59 S2 21969,59,S2,21969
0305_04793_b.jpg,54 T4 0987,54,T4,0987
0305_06157_b.jpg,53 V7 3196,53,V7,3196
0305_08221_b.jpg,59 V2 04212,59,V2,04212
0305_08299_b.jpg,55 P8 9613,55,P8,9613
0306_04292_b.jpg,59 L1 16511,59,L1,16511
0306_05088_b.jpg,53 Z1 1759,53,Z1,1759
0306_05636_b.jpg,59 K1 22323,59,K1,22323
0306_07265_b.jpg,59 E1 08670,59,E1,08670
0306_07285_b.jpg,63 B9 29219,63,B9,29219
0307_04182_b.jpg,59 N1 00569,59,N1,00569
0307_04743_b.jpg,52 U4 9980,52,U4,9980
0307_05152_b.jpg,54 T5 6168,54,T5,6168
0307_05979_b.jpg,59 S1 06241,59,S1,06241
0307_06345_b.jpg,59 V2 09048,59,V2,09048
0308_01685_b.jpg,61 G1 04305,61,G1,04305
0308_05320_b.jpg,78 C1 19455,78,C1,19455
0308_05665_b.jpg,59 X1 21394,59,X1,21394
0308_06515_b.jpg,59 L2 23164,59,L2,23164
0308_06731_b.jpg,59 V2 34815,59,V2,34815
0308_06826_b.jpg,59 X2 67951,59,X2,67951
0308_06990_b.jpg,59 M1 89404,59,M1,89404
0308_07234_b.jpg,54 R1 1147,54,R1,1147
0309_05262_b.jpg,55 X8 2215,55,X8,2215
0309_06007_b.jpg,59 L2 04775,59,L2,04775
0309_06495_b.jpg,71 C2 32149,71,C2,32149
0309_07312_b.jpg,81 G1 00665,81,G1,00665
0310_05831_b.jpg,81 G1 14710,81,G1,14710
0310_06199_b.jpg,59 C2 42200,59,C2,42200
0310_06703_b.jpg,59 P2 21181,59,P2,21181
0310_07150_b.jpg,52 H4 8060,52,H4,8060
0311_04070_b.jpg,62 P1 51909,62,P1,51909
0311_04828_b.jpg,67 B1 00979,67,B1,00979
0311_05730_b.jpg,69 C1 20591,69,C1,20591
0311_05772_b.jpg,59 E1 62847,59,E1,62847
0311_06191_b.jpg,59 P1 71756,59,P1,71756
0311_08018_b.jpg,54 X3 7676,54,X3,7676
0311_08207_b.jpg,59 B1 34682,59,B1,34682
0312_00517_b.jpg,59 P2 11073,59,P2,11073
0312_05504_b.jpg,59 H1 60591,59,H1,60591
0312_05588_b.jpg,79 Z1 5804,79,Z1,5804
0312_05600_b.jpg,59 L1 35703,59,L1,35703
0312_07010_b.jpg,59 L1 67824,59,L1,67824
0312_08282_b.jpg,75 F1 29830,75,F1,29830
0313_04096_b.jpg,59 V2 44588,59,V2,44588
0313_04421_b.jpg,60 B2 36912,60,B2,36912
0313_04659_b.jpg,71 C2 30079,71,C2,30079
0313_04662_b.jpg,69 C1 00788,69,C1,00788
0313_05149_b.jpg,54 N4 6324,54,N4,6324
0313_05912_b.jpg,70 G1 24552,70,G1,24552
0313_05945_b.jpg,59 D1 67393,59,D1,67393
0313_05990_b.jpg,16 F2 6303,16,F2,6303
0313_06899_b.jpg,59 S2 26754,59,S2,26754
0313_07153_b.jpg,72 C1 39315,72,C1,39315
0314_05240_b.jpg,59 B1 37858,59,B1,37858
0314_06109_b.jpg,47 AB 55999,47,AB,55999
0314_08293_b.jpg,47 D1 18716,47,D1,18716
0315_04289_b.jpg,59 V2 48612,59,V2,48612
0315_04385_b.jpg,49 K1 27144,49,K1,27144
0315_04519_b.jpg,54 T3 4407,54,T3,4407
0315_06165_b.jpg,59 D2 17244,59,D2,17244
0315_08182_b.jpg,59 U1 39380,59,U1,39380
0316_04080_b.jpg,22 H5 1198,22,H5,1198
0316_04240_b.jpg,59 M1 54192,59,M1,54192
0316_04495_b.jpg,16 M2 6315,16,M2,6315
0316_04905_b.jpg,59 C2 55006,59,C2,55006
0316_05220_b.jpg,83 P1 99696,83,P1,99696
0316_05313_b.jpg,59 K1 44076,59,K1,44076
0316_06166_b.jpg,60 T7 7586,60,T7,7586
0316_06385_b.jpg,50 N1 02654,50,N1,02654
0316_06813_b.jpg,72 H5 8794,72,H5,8794
0316_06919_b.jpg,54 L5 1899,54,L5,1899
0316_07389_b.jpg,59 S2 12978,59,S2,12978
0316_08096_b.jpg,59 V1 53310,59,V1,53310
0317_01998_b.jpg,66 P1 5739,66,P1,5739
0317_04106_b.jpg,59 K1 96591,59,K1,96591
0317_04262_b.jpg,60 F2 04565,60,F2,04565
0317_04508_b.jpg,59 F1 14064,59,F1,14064
0317_08220_b.jpg,79 N2 09854,79,N2,09854
0318_04662_b.jpg,54 X4 5335,54,X4,5335
0318_05008_b.jpg,49 G1 09999,49,G1,09999
0318_05402_b.jpg,54 L1 8811,54,L1,8811
0318_05414_b.jpg,60 B6 08880,60,B6,08880
0318_06155_b.jpg,60 B7 15461,60,B7,15461
0319_06120_b.jpg,72 C1 05018,72,C1,05018
0319_06474_b.jpg,59 C2 04837,59,C2,04837
0319_08008_b.jpg,71 B2 72634,71,B2,72634
0319_08223_b.jpg,59 L1 38765,59,L1,38765
0320_04051_b.jpg,83 C1 22234,83,C1,22234
0320_04642_b.jpg,59 X1 32817,59,X1,32817
0320_05151_b.jpg,59 U1 56452,59,U1,56452
0320_05789_b.jpg,52 K3 8683,52,K3,8683
0320_06867_b.jpg,43 H1 6799,43,H1,6799
0320_07036_b.jpg,59 C1 28098,59,C1,28098
0320_08070_b.jpg,59 X1 56419,59,X1,56419
0321_02076_b.jpg,79 Z1 16792,79,Z1,16792
0321_07303_b.jpg,54 S1 3034,54,S1,3034
0321_08384_b.jpg,72 K1 08550,72,K1,08550
0322_05273_b.jpg,74 K1 5866,74,K1,5866
0322_05697_b.jpg,59 U1 52884,59,U1,52884
0323_01887_b.jpg,59 D1 88728,59,D1,88728
0323_05045_b.jpg,54 S7 3211,54,S7,3211
0323_05688_b.jpg,59 C2 57492,59,C2,57492
0323_06647_b.jpg,59 K1 84015,59,K1,84015
0323_07295_b.jpg,59 H1 35460,59,H1,35460
0323_07320_b.jpg,47 B1 99864,47,B1,99864
0323_08009_b.jpg,49 B1 03126,49,B1,03126
0324_00176_b.jpg,54 S4 6869,54,S4,6869
0324_05324_b.jpg,59 U1 74675,59,U1,74675
0324_05997_b.jpg,61 B1 61878,61,B1,61878
0324_06738_b.jpg,59 N1 44291,59,N1,44291
0324_06812_b.jpg,59 T1 87564,59,T1,87564
0325_00635_b.jpg,59 L1 78582,59,L1,78582
0325_01702_b.jpg,59 F1 03055,59,F1,03055
0325_06296_b.jpg,54 H3 5581,54,H3,5581
0325_06682_b.jpg,50 DC 3878,50,DC,3878
0326_02054_b.jpg,49 E1 39941,49,E1,39941
0326_04340_b.jpg,37 H1 10401,37,H1,10401
0326_04605_b.jpg,59 X1 21394,59,X1,21394
0326_04993_b.jpg,77 F1 25389,77,F1,25389
0326_05383_b.jpg,59 U1 43868,59,U1,43868
0326_05944_b.jpg,59 T1 14860,59,T1,14860
0326_06598_b.jpg,59 D1 59989,59,D1,59989
0326_06770_b.jpg,51 H2 2933,51,H2,2933
0326_07094_b.jpg,54 T5 4498,54,T5,4498
0326_08228_b.jpg,59 G1 12671,59,G1,12671
0327_00137_b.jpg,59 P1 98876,59,P1,98876
0327_06345_b.jpg,59 T1 74443,59,T1,74443
0327_06596_b.jpg,55 P2 3999,55,P2,3999
0327_06891_b.jpg,51 K3 8796,51,K3,8796
0327_07257_b.jpg,59 P1 94751,59,P1,94751
0328_05364_b.jpg,59 S2 40065,59,S2,40065
0328_06476_b.jpg,59 C2 01909,59,C2,01909
0329_03016_b.jpg,54 M2 9266,54,M2,9266
0329_05899_b.jpg,59 G1 39357,59,G1,39357
0329_07048_b.jpg,54 P1 1782,54,P1,1782
0330_02191_b.jpg,51 R4 2488,51,R4,2488
0330_05791_b.jpg,59 E1 53139,59,E1,53139
0330_06134_b.jpg,59 M1 08275,59,M1,08275
0330_06495_b.jpg,59 V1 52755,59,V1,52755
0330_06551_b.jpg,60 B4 22155,60,B4,22155
0330_06648_b.jpg,54 V7 8344,54,V7,8344
0330_06789_b.jpg,33 M7 3531,33,M7,3531
0331_01031_b.jpg,59 S1 17816,59,S1,17816
0331_05175_b.jpg,59 V1 22709,59,V1,22709
0331_05441_b.jpg,59 V1 85584,59,V1,85584
0331_05809_b.jpg,59 T1 22189,59,T1,22189
0332_01588_b.jpg,81 B1 37963,81,B1,37963
0332_05966_b.jpg,59 K1 22599,59,K1,22599
0332_06063_b.jpg,51 S9 1699,51,S9,1699
0332_06410_b.jpg,59 B1 19240,59,B1,19240
0332_06920_b.jpg,59 C1 06231,59,C1,06231
0333_00996_b.jpg,59 A3 08011,59,A3,08011
0333_04136_b.jpg,51 K2 1103,51,K2,1103
0333_05790_b.jpg,59 F1 32210,59,F1,32210
0333_08177_b.jpg,59 E1 51207,59,E1,51207
0334_05481_b.jpg,54 X7 2899,54,X7,2899
0334_05528_b.jpg,59 P2 14706,59,P2,14706
0334_06337_b.jpg,59 P2 36511,59,P2,36511
0335_00509_b.jpg,52 Z6 5061,52,Z6,5061
0335_04394_b.jpg,84 L1 31408,84,L1,31408
0335_04616_b.jpg,78 C1 14748,78,C1,14748
0335_06470_b.jpg,54 P7 3985,54,P7,3985
0335_06620_b.jpg,52 X4 7344,52,X4,7344
0335_06659_b.jpg,62 K8 5607,62,K8,5607
0336_04080_b.jpg,51 H3 0809,51,H3,0809
0336_04266_b.jpg,59 M1 88418,59,M1,88418
0336_04446_b.jpg,59 E1 18310,59,E1,18310
0336_06353_b.jpg,54 S5 0882,54,S5,0882
0336_06896_b.jpg,67 B1 08505,67,B1,08505
0336_06983_b.jpg,59 F1 11299,59,F1,11299
0337_05453_b.jpg,49 P1 0580,49,P1,0580
0338_05880_b.jpg,49 K1 39272,49,K1,39272
0338_07010_b.jpg,52 F5 3512,52,F5,3512
0339_02065_b.jpg,59 L2 14999,59,L2,14999
0339_06194_b.jpg,59 H1 56197,59,H1,56197
0339_06244_b.jpg,51 L3 2640,51,L3,2640
0339_06667_b.jpg,55 P8 7062,55,P8,7062
0339_06803_b.jpg,59 T1 23977,59,T1,23977
0339_06863_b.jpg,59 S1 91667,59,S1,91667
0339_08088_b.jpg,59 C1 61110,59,C1,61110
0340_04255_b.jpg,55 P8 1120,55,P8,1120
0340_05917_b.jpg,52 U8 3666,52,U8,3666
0340_08127_b.jpg,64 Z1 2383,64,Z1,2383
0341_04653_b.jpg,59 M1 97489,59,M1,97489
0341_06533_b.jpg,59 Y2 76796,59,Y2,76796
0342_05638_b.jpg,59 S1 14991,59,S1,14991
0342_06015_b.jpg,56 P1 6734,56,P1,6734
0342_06180_b.jpg,59 T1 83013,59,T1,83013
0342_06209_b.jpg,59 S1 59559,59,S1,59559
0342_06293_b.jpg,51 X9 4654,51,X9,4654
0343_02003_b.jpg,59 S2 32928,59,S2,32928
0343_04212_b.jpg,59 S2 01572,59,S2,01572
0343_05474_b.jpg,54 K3 4770,54,K3,4770
0344_04754_b.jpg,61 N4 0663,61,N4,0663
0345_00593_b.jpg,59 C2 58256,59,C2,58256
0346_06965_b.jpg,59 B1 40870,59,B1,40870
0348_08238_b.jpg,59 H1 19466,59,H1,19466
0349_00083_b.jpg,86 C1 07261,86,C1,07261
0350_06252_b.jpg,67 B1 40833,67,B1,40833
0350_08241_b.jpg,59 P2 20770,59,P2,20770
0351_00460_b.jpg,59 T1 59973,59,T1,59973
0351_06025_b.jpg,71 F5 2321,71,F5,2321
0351_07377_b.jpg,54 Y9 3476,54,Y9,3476
0352_04726_b.jpg,59 T1 85717,59,T1,85717
0353_04104_b.jpg,52 F3 8889,52,F3,8889
0353_05935_b.jpg,59 01 72979,59,01,72979
0353_07318_b.jpg,59 M1 47096,59,M1,47096
0354_04832_b.jpg,79 H5 8812,79,H5,8812
0354_05959_b.jpg,59 S1 06865,59,S1,06865
0354_06693_b.jpg,59 T1 79742,59,T1,79742
0354_08079_b.jpg,69 F2 2140,69,F2,2140
0355_04038_b.jpg,55 P4 8426,55,P4,8426
0355_06858_b.jpg,59 T1 31340,59,T1,31340
0356_04281_b.jpg,59 P1 33768,59,P1,33768
0356_04996_b.jpg,60 Y2 2445,60,Y2,2445
0356_05992_b.jpg,59 Y1 67452,59,Y1,67452
0356_06897_b.jpg,59 C1 55980,59,C1,55980
0357_04216_b.jpg,70 P1 5900,70,P1,5900
0357_04509_b.jpg,59 E1 32886,59,E1,32886
0357_04948_b.jpg,54 F4 4078,54,F4,4078
0358_01960_b.jpg,53 V4 8609,53,V4,8609
0358_04877_b.jpg,59 E1 70762,59,E1,70762
0358_05860_b.jpg,59 V1 55320,59,V1,55320
0358_06756_b.jpg,54 H2 5463,54,H2,5463
0359_01806_b.jpg,52 P4 9134,52,P4,9134
0359_01814_b.jpg,78 N2 5203,78,N2,5203
0359_05454_b.jpg,59 Y1 73281,59,Y1,73281
0359_06463_b.jpg,70 K1 05963,70,K1,05963
0359_07002_b.jpg,54 V7 9675,54,V7,9675
0359_08271_b.jpg,59 N1 07195,59,N1,07195
0400_00995_b.jpg,59 C1 22851,59,C1,22851
0400_04390_b.jpg,71 B1 44573,71,B1,44573
0400_05206_b.jpg,59 M1 60886,59,M1,60886
0400_05619_b.jpg,50 BA 5557,50,BA,5557
0400_06373_b.jpg,79 Z1 10184,79,Z1,10184
0401_05012_b.jpg,54 S8 8080,54,S8,8080
0401_06141_b.jpg,54 F3 9952,54,F3,9952
0401_06826_b.jpg,59 F1 08501,59,F1,08501
0402_04374_b.jpg,49 B1 32870,49,B1,32870
0402_05569_b.jpg,85 D1 05960,85,D1,05960
0403_04146_b.jpg,69 C1 20591,69,C1,20591
0403_04247_b.jpg,59 T1 27908,59,T1,27908
0403_06654_b.jpg,59 H1 41855,59,H1,41855
0403_07084_b.jpg,59 U1 20274,59,U1,20274
0403_07322_b.jpg,62 P1 53221,62,P1,53221
0403_08185_b.jpg,66 N1 10547,66,N1,10547
0404_00952_b.jpg,54 L5 9913,54,L5,9913
0405_04598_b.jpg,54 F2 8259,54,F2,8259
0405_04683_b.jpg,39 F1 5014,39,F1,5014
0405_04925_b.jpg,61 Z1 2662,61,Z1,2662
0405_05175_b.jpg,59 U1 48850,59,U1,48850
0405_05419_b.jpg,61 X2 3244,61,X2,3244
0405_05489_b.jpg,59 T1 55417,59,T1,55417
0405_06844_b.jpg,68 H2 6613,68,H2,6613
0406_04580_b.jpg,55 P6 7093,55,P6,7093
0406_07199_b.jpg,67 E1 06661,67,E1,06661
0407_01032_b.jpg,54 U4 4199,54,U4,4199
0407_04150_b.jpg,54 S5 8960,54,S5,8960
0407_05591_b.jpg,72 C1 52693,72,C1,52693
0407_05785_b.jpg,59 P1 26989,59,P1,26989
0407_06979_b.jpg,63 B3 46905,63,B3,46905
0408_01983_b.jpg,83 P2 13173,83,P2,13173
0408_04188_b.jpg,59 K1 86559,59,K1,86559
0408_04297_b.jpg,59 U1 74283,59,U1,74283
0408_04541_b.jpg,52 T7 4640,52,T7,4640
0408_06290_b.jpg,59 K1 20173,59,K1,20173
0408_06793_b.jpg,47 L1 09977,47,L1,09977
0409_02113_b.jpg,68 LA 00776,68,LA,00776
0409_04711_b.jpg,59 T1 81439,59,T1,81439
0409_05079_b.jpg,53 S7 7589,53,S7,7589
0409_06835_b.jpg,59 L1 10989,59,L1,10989
0409_08201_b.jpg,63 B4 36920,63,B4,36920
0410_04799_b.jpg,53 S6 2722,53,S6,2722
0410_05881_b.jpg,93 B1 17085,93,B1,17085
0411_00459_b.jpg,54 Z3 2172,54,Z3,2172
0411_04594_b.jpg,62 G1 09736,62,G1,09736
0411_04882_b.jpg,59 U1 74490,59,U1,74490
0411_05125_b.jpg,59 S2 08338,59,S2,08338
0411_05986_b.jpg,86 B2 27765,86,B2,27765
0411_06415_b.jpg,59 E1 58284,59,E1,58284
0412_02169_b.jpg,54 F1 6743,54,F1,6743
0412_05885_b.jpg,63 H5 4588,63,H5,4588
0412_06384_b.jpg,59 T1 20243,59,T1,20243
0412_06438_b.jpg,59 M1 48700,59,M1,48700
0413_02227_b.jpg,59 E1 25297,59,E1,25297
0413_04489_b.jpg,54 V8 1990,54,V8,1990
0413_05705_b.jpg,59 D2 17148,59,D2,17148
0413_05980_b.jpg,52 F3 1770,52,F3,1770
0413_06425_b.jpg,59 A3 03615,59,A3,03615
0414_04350_b.jpg,59 T1 03617,59,T1,03617
0414_05793_b.jpg,54 S8 4120,54,S8,4120
0415_00096_b.jpg,59 P2 00263,59,P2,00263
0415_05278_b.jpg,84 L1 32547,84,L1,32547
0415_05834_b.jpg,59 P2 03165,59,P2,03165
0415_06767_b.jpg,60 R6 1172,60,R6,1172
0415_07357_b.jpg,59 T1 27957,59,T1,27957
0416_05808_b.jpg,59 C1 47167,59,C1,47167
0416_06988_b.jpg,59 C1 23682,59,C1,23682
0416_08281_b.jpg,59 V2 46589,59,V2,46589
0417_04895_b.jpg,68 N1 08117,68,N1,08117
0417_06790_b.jpg,86 B1 14630,86,B1,14630
0417_07090_b.jpg,59 C1 39113,59,C1,39113
0418_00288_b.jpg,59 S2 31606,59,S2,31606
0418_04283_b.jpg,23 882,23,,882
0418_04444_b.jpg,59 S2 45275,59,S2,45275
0418_05006_b.jpg,59 X1 49573,59,X1,49573
0418_05686_b.jpg,71 S5 7611,71,S5,7611
0418_06123_b.jpg,78 E1 24113,78,E1,24113
0419_04383_b.jpg,55 P6 0839,55,P6,0839
0419_05387_b.jpg,63 B5 12534,63,B5,12534
0420_01152_b.jpg,59 F1 70424,59,F1,70424
0420_04686_b.jpg,59 N1 87957,59,N1,87957
0420_05895_b.jpg,59 U1 51595,59,U1,51595
0420_06243_b.jpg,72 L9 3441,72,L9,3441
0420_06577_b.jpg,59 X1 24340,59,X1,24340
0420_08001_b.jpg,54 N9 5449,54,N9,5449
0421_00288_b.jpg,59 S2 31606,59,S2,31606
0421_04489_b.jpg,86 B6 22670,86,B6,22670
0421_05609_b.jpg,54 V3 9264,54,V3,9264
0421_06749_b.jpg,59 T1 27242,59,T1,27242
0421_07168_b.jpg,59 M1 97580,59,M1,97580
0421_08091_b.jpg,59 C2 62872,59,C2,62872
0421_08195_b.jpg,54 T5 2159,54,T5,2159
0422_05807_b.jpg,59 X2 97772,59,X2,97772
0422_06382_b.jpg,59 H1 43727,59,H1,43727
0422_06869_b.jpg,69 D1 04258,69,D1,04258
0423_04629_b.jpg,59 P2 11179,59,P2,11179
0423_04863_b.jpg,59 U1 09278,59,U1,09278
0423_06266_b.jpg,59 H1 60919,59,H1,60919
0424_00288_b.jpg,59 S2 31606,59,S2,31606
0424_04080_b.jpg,59 T1 35415,59,T1,35415
0424_04500_b.jpg,51 LD 5634,51,LD,5634
0424_04778_b.jpg,59 X2 91011,59,X2,91011
0424_06031_b.jpg,59 T1 64455,59,T1,64455
0424_07398_b.jpg,54 F3 7071,54,F3,7071
0425_04108_b.jpg,59 C1 43017,59,C1,43017
0425_04118_b.jpg,67 M2 5949,67,M2,5949
0425_04576_b.jpg,51 S5 7559,51,S5,7559
0425_04927_b.jpg,47 C1 15294,47,C1,15294
0425_05279_b.jpg,59 F1 32210,59,F1,32210
0425_05580_b.jpg,51 M2 1890,51,M2,1890
0425_07085_b.jpg,60 B5 52333,60,B5,52333
0425_07246_b.jpg,59 Y1 54776,59,Y1,54776
0426_05655_b.jpg,51 R3 0737,51,R3,0737
0426_06154_b.jpg,54 R3 9587,54,R3,9587
0426_06591_b.jpg,93 F1 24985,93,F1,24985
0427_01058_b.jpg,59 T1 80203,59,T1,80203
0427_04665_b.jpg,63 F6 8411,63,F6,8411
0427_05233_b.jpg,59 X2 62721,59,X2,62721
0427_05940_b.jpg,83 P2 41457,83,P2,41457
0427_06378_b.jpg,59 D1 78262,59,D1,78262
0427_06843_b.jpg,59 T1 80203,59,T1,80203
0427_07095_b.jpg,59 C2 41473,59,C2,41473
0427_08390_b.jpg,59 B1 23468,59,B1,23468
0428_04065_b.jpg,77 F1 21626,77,F1,21626
0428_04182_b.jpg,59 T1 11692,59,T1,11692
0428_04433_b.jpg,47 C1 13770,47,C1,13770
0428_04599_b.jpg,62 L1 20995,62,L1,20995
0428_05625_b.jpg,54 U3 9055,54,U3,9055
0428_05886_b.jpg,59 V1 59230,59,V1,59230
0428_05962_b.jpg,72 T2 8629,72,T2,8629
0428_06843_b.jpg,64 C1 04262,64,C1,04262
0428_06899_b.jpg,52 P3 9520,52,P3,9520
0428_07026_b.jpg,63 B3 04426,63,B3,04426
0428_07359_b.jpg,59 M1 06028,59,M1,06028
0428_08142_b.jpg,60 B3 16391,60,B3,16391
0429_01150_b.jpg,60 U2 9890,60,U2,9890
0429_04135_b.jpg,77 X6 9544,77,X6,9544
0429_04989_b.jpg,54 T2 3353,54,T2,3353
0429_05044_b.jpg,48 B1 31442,48,B1,31442
0429_05226_b.jpg,92 L8 7156,92,L8,7156
0429_05375_b.jpg,59 H1 32122,59,H1,32122
0429_05390_b.jpg,59 U1 76947,59,U1,76947
0429_05554_b.jpg,47 C1 05644,47,C1,05644
0429_05755_b.jpg,51 L2 0352,51,L2,0352
0429_06284_b.jpg,59 P1 98663,59,P1,98663
0429_07077_b.jpg,76 K3 3694,76,K3,3694
0429_07243_b.jpg,54 N4 6324,54,N4,6324
0429_08380_b.jpg,59 D1 65455,59,D1,65455
0430_01270_b.jpg,59 V1 09869,59,V1,09869
0430_04601_b.jpg,33 M7 3521,33,M7,3521
0430_04666_b.jpg,51 H2 4476,51,H2,4476
0430_05333_b.jpg,59 C2 57472,59,C2,57472
0430_05905_b.jpg,54 S4 4283,54,S4,4283
0430_05970_b.jpg,59 A3 08642,59,A3,08642
0430_06426_b.jpg,54 N6 4172,54,N6,4172
0430_06439_b.jpg,59 S1 59694,59,S1,59694
0430_06487_b.jpg,49 B1 51183,49,B1,51183
0430_07250_b.jpg,93 F1 26479,93,F1,26479
0430_08117_b.jpg,59 L2 11347,59,L2,11347
0430_08374_b.jpg,59 U1 86123,59,U1,86123
0431_05890_b.jpg,49 K1 38886,49,K1,38886
0432_04307_b.jpg,62 AP 00270,62,AP,00270
0432_05354_b.jpg,59 F1 75031,59,F1,75031
0432_05979_b.jpg,62 K5 1250,62,K5,1250
0432_06360_b.jpg,59 U1 62231,59,U1,62231
0432_08079_b.jpg,54 S1 9755,54,S1,9755
0432_08135_b.jpg,55 P7 1233,55,P7,1233
0432_08145_b.jpg,59 S1 44895,59,S1,44895
0433_02129_b.jpg,55 P1 0009,55,P1,0009
0433_04098_b.jpg,54 U5 7406,54,U5,7406
0433_04683_b.jpg,71 C2 36563,71,C2,36563
0433_04797_b.jpg,63 B2 23399,63,B2,23399
0433_05476_b.jpg,59 G1 25121,59,G1,25121
0433_07371_b.jpg,59 H1 34159,59,H1,34159
0434_04321_b.jpg,79 Z1 5804,79,Z1,5804
0434_04799_b.jpg,59 U1 11444,59,U1,11444
0434_05195_b.jpg,59 F1 76597,59,F1,76597
0434_06493_b.jpg,54 V8 5033,54,V8,5033
0435_01526_b.jpg,79 L4 0995,79,L4,0995
0435_02056_b.jpg,47 K2 9950,47,K2,9950
0435_04232_b.jpg,59 V2 24614,59,V2,24614
0436_01393_b.jpg,62 K1 09571,62,K1,09571
0436_04395_b.jpg,59 S1 75715,59,S1,75715
0436_05417_b.jpg,60 F1 41516,60,F1,41516
0437_04839_b.jpg,59 G1 96577,59,G1,96577
0437_05078_b.jpg,63 V5 0914,63,V5,0914
0438_04055_b.jpg,59 F1 54573,59,F1,54573
0438_04896_b.jpg,59 S1 41803,59,S1,41803
0438_05376_b.jpg,59 C1 28740,59,C1,28740
0438_05672_b.jpg,94 K1 00202,94,K1,00202
0438_05738_b.jpg,59 F1 52478,59,F1,52478
0438_05958_b.jpg,59 S1 71398,59,S1,71398
0438_06085_b.jpg,59 L1 49944,59,L1,49944
0438_08197_b.jpg,84 E1 26377,84,E1,26377
0439_04275_b.jpg,59 L1 97998,59,L1,97998
0439_05146_b.jpg,59 P2 23930,59,P2,23930
0439_05423_b.jpg,52 S2 4832,52,S2,4832
0439_05845_b.jpg,67 C1 08347,67,C1,08347
0439_06197_b.jpg,52 P8 7232,52,P8,7232
0439_06699_b.jpg,59 N1 53782,59,N1,53782
0439_06768_b.jpg,83 C1 17111,83,C1,17111
0439_07048_b.jpg,54 P2 4739,54,P2,4739
0439_07297_b.jpg,59 H1 63602,59,H1,63602
0440_04502_b.jpg,78 C1 23179,78,C1,23179
0440_04793_b.jpg,59 S2 23245,59,S2,23245
0440_05207_b.jpg,72 K6 7070,72,K6,7070
0440_06780_b.jpg,59 L1 18044,59,L1,18044
0440_08382_b.jpg,51 D1 47834,51,D1,47834
0441_02056_b.jpg,47 K2 9950,47,K2,9950
0441_04007_b.jpg,81 U1 00276,81,U1,00276
0441_04554_b.jpg,47 N7 6992,47,N7,6992
0441_06077_b.jpg,59 C1 32502,59,C1,32502
0442_00176_b.jpg,54 S4 6869,54,S4,6869
0442_01393_b.jpg,62 K1 09571,62,K1,09571
0442_05239_b.jpg,59 A3 08640,59,A3,08640
0442_05398_b.jpg,59 V2 18744,59,V2,18744
0442_05448_b.jpg,59 K1 85250,59,K1,85250
0442_06183_b.jpg,59 X1 41819,59,X1,41819
0442_09523_b.jpg,59 B1 35294,59,B1,35294
0443_04187_b.jpg,59 F1 82787,59,F1,82787
0443_04382_b.jpg,59 P1 29381,59,P1,29381
0443_04873_b.jpg,59 T1 45577,59,T1,45577
0443_05508_b.jpg,85 B1 02836,85,B1,02836
0443_06465_b.jpg,76 U1 15178,76,U1,15178
0444_00002_b.jpg,51 U7 4598,51,U7,4598
0444_00532_b.jpg,59 P1 66480,59,P1,66480
0444_04878_b.jpg,71 S3 9276,71,S3,9276
0444_06098_b.jpg,62 N1 36934,62,N1,36934
0444_06204_b.jpg,54 H3 3457,54,H3,3457
0444_06918_b.jpg,51 F6 9090,51,F6,9090
0444_08080_b.jpg,59 C1 16349,59,C1,16349
0444_08178_b.jpg,59 S1 99891,59,S1,99891
0444_08185_b.jpg,59 F1 18461,59,F1,18461
0445_04622_b.jpg,59 N1 93305,59,N1,93305
0445_04734_b.jpg,63 H5 1336,63,H5,1336
0445_05932_b.jpg,59 V1 92411,59,V1,92411
0445_05986_b.jpg,59 X1 69592,59,X1,69592
0445_06130_b.jpg,59 T1 62133,59,T1,62133
0445_06276_b.jpg,54 M2 5694,54,M2,5694
0446_01587_b.jpg,47 N9 0859,47,N9,0859
0446_04981_b.jpg,59 H1 52697,59,H1,52697
0446_05976_b.jpg,54 U2 5965,54,U2,5965
0446_06105_b.jpg,63 H3 1295,63,H3,1295
0447_06967_b.jpg,59 T1 55424,59,T1,55424
0448_01896_b.jpg,59 E1 28343,59,E1,28343
0448_01897_b.jpg,51 H3 2153,51,H3,2153
0448_04294_b.jpg,78 K1 00677,78,K1,00677
0448_08176_b.jpg,52 U4 0050,52,U4,0050
0449_04084_b.jpg,59 S1 95762,59,S1,95762
0449_05018_b.jpg,59 B1 32267,59,B1,32267
0449_06870_b.jpg,54 L5 5031,54,L5,5031
0450_02271_b.jpg,59 M1 87668,59,M1,87668
0450_05266_b.jpg,59 V1 91460,59,V1,91460
0450_05991_b.jpg,72 D1 08682,72,D1,08682
0450_06152_b.jpg,59 M1 11811,59,M1,11811
0450_06376_b.jpg,93 E1 05119,93,E1,05119
0451_04382_b.jpg,53 P2 4531,53,P2,4531
0451_04783_b.jpg,50 XA 5535,50,XA,5535
0451_07396_b.jpg,68 X1 22306,68,X1,22306
0451_08156_b.jpg,94 B1 19580,94,B1,19580
0452_02096_b.jpg,59 D1 06399,59,D1,06399
0452_05433_b.jpg,59 C2 56237,59,C2,56237
0452_06089_b.jpg,54 L6 9606,54,L6,9606
0453_00096_b.jpg,59 P2 00263,59,P2,00263
0453_05278_b.jpg,43 G1 13684,43,G1,13684
0453_05979_b.jpg,85 C1 23992,85,C1,23992
0453_06762_b.jpg,52 T8 5761,52,T8,5761
0453_06799_b.jpg,54 P4 8871,54,P4,8871
0453_07373_b.jpg,59 T1 00381,59,T1,00381
0454_04259_b.jpg,59 S2 08418,59,S2,08418
0454_04818_b.jpg,59 H1 46828,59,H1,46828
0454_04926_b.jpg,59 D1 00444,59,D1,00444
0454_06993_b.jpg,60 V7 7002,60,V7,7002
0454_08363_b.jpg,59 G1 86895,59,G1,86895
0455_01897_b.jpg,51 H3 2153,51,H3,2153
0455_02271_b.jpg,59 M1 87668,59,M1,87668
0455_06303_b.jpg,81 B1 38746,81,B1,38746
0455_08050_b.jpg,65 L1 08396,65,L1,08396
0456_04115_b.jpg,59 S1 67082,59,S1,67082
0456_05106_b.jpg,82 B1 19789,82,B1,19789
0456_05554_b.jpg,51 H4 2822,51,H4,2822
0456_06380_b.jpg,33 M7 3521,33,M7,3521
0457_05563_b.jpg,30 F1 4765,30,F1,4765
0457_06440_b.jpg,59 H1 55556,59,H1,55556
0457_08327_b.jpg,61 B1 36588,61,B1,36588
0458_04121_b.jpg,59 S2 46039,59,S2,46039
0458_04136_b.jpg,29 D1 63516,29,D1,63516
0458_04330_b.jpg,59 K1 84301,59,K1,84301
0458_04430_b.jpg,79 D1 15814,79,D1,15814
0458_05551_b.jpg,51 R3 2161,51,R3,2161
0458_06268_b.jpg,51 L1 8088,51,L1,8088
0458_06343_b.jpg,29 B1 10559,29,B1,10559
0458_06419_b.jpg,75 H2 8428,75,H2,8428
0459_00316_b.jpg,59 U1 49726,59,U1,49726
0459_04363_b.jpg,61 C1 22609,61,C1,22609
0459_04862_b.jpg,43 S6 0133,43,S6,0133
0459_05434_b.jpg,68 K4 9407,68,K4,9407
0459_05782_b.jpg,59 M1 81859,59,M1,81859
0459_05823_b.jpg,54 Y8 8280,54,Y8,8280
0459_07112_b.jpg,59 B1 33872,59,B1,33872
0459_07314_b.jpg,65 U2 4787,65,U2,4787
0459_08033_b.jpg,59 F1 13230,59,F1,13230
0500_01639_b.jpg,72 H1 17359,72,H1,17359
0500_01890_b.jpg,59 E1 50988,59,E1,50988
0500_06208_b.jpg,86 X1 5955,86,X1,5955
0500_06611_b.jpg,59 F1 84587,59,F1,84587
0500_07340_b.jpg,59 S1 26208,59,S1,26208
0500_08181_b.jpg,59 Y1 86494,59,Y1,86494
0501_05229_b.jpg,55 X2 0010,55,X2,0010
0501_05264_b.jpg,50 T2 7594,50,T2,7594
0501_05321_b.jpg,59 C1 30543,59,C1,30543
0501_05807_b.jpg,59 C2 32477,59,C2,32477
0501_05881_b.jpg,51 Z7 4533,51,Z7,4533
0501_05973_b.jpg,16 L9 5425,16,L9,5425
0501_06978_b.jpg,59 M1 52576,59,M1,52576
0502_01661_b.jpg,54 L5 3444,54,L5,3444
0502_04335_b.jpg,49 B1 45348,49,B1,45348
0502_05172_b.jpg,59 C1 67790,59,C1,67790
0502_05240_b.jpg,92 H1 42107,92,H1,42107
0502_05334_b.jpg,51 H3 6696,51,H3,6696
0502_05391_b.jpg,16 P9 6204,16,P9,6204
0502_06492_b.jpg,60 U2 9125,60,U2,9125
0502_06605_b.jpg,59 TA 00329,59,TA,00329
0502_06635_b.jpg,59 M1 97372,59,M1,97372
0502_06701_b.jpg,59 S1 44895,59,S1,44895
0502_06710_b.jpg,66 L1 26685,66,L1,26685
0502_07225_b.jpg,59 S1 78384,59,S1,78384
0503_04096_b.jpg,93 C1 02079,93,C1,02079
0503_04455_b.jpg,59 F1 25123,59,F1,25123
0503_04738_b.jpg,79 N1 18893,79,N1,18893
0503_04858_b.jpg,77 F1 28472,77,F1,28472
0503_05243_b.jpg,59 E1 49285,59,E1,49285
0503_05760_b.jpg,59 C1 43685,59,C1,43685
0503_06344_b.jpg,59 H1 41296,59,H1,41296
0503_06352_b.jpg,77 X4 6391,77,X4,6391
0504_01851_b.jpg,59 E1 58720,59,E1,58720
0504_05562_b.jpg,54 X8 2567,54,X8,2567
0504_05844_b.jpg,59 B1 29117,59,B1,29117
0504_05846_b.jpg,59 S1 49525,59,S1,49525
0504_06374_b.jpg,59 T1 46457,59,T1,46457
0504_06601_b.jpg,59 C1 35131,59,C1,35131
0504_06776_b.jpg,59 F1 09865,59,F1,09865
0505_00420_b.jpg,59 C1 65515,59,C1,65515
0505_04193_b.jpg,59 V2 14465,59,V2,14465
0505_04300_b.jpg,59 V1 45217,59,V1,45217
0505_04350_b.jpg,59 X1 69592,59,X1,69592
0505_04736_b.jpg,59 F1 59997,59,F1,59997
0505_04793_b.jpg,59 P2 15270,59,P2,15270
0505_04873_b.jpg,86 K4 4446,86,K4,4446
0505_05218_b.jpg,86 AA 01079,86,AA,01079
0505_05633_b.jpg,59 M1 75012,59,M1,75012
0505_05700_b.jpg,59 B1 01554,59,B1,01554
0505_06413_b.jpg,50 N1 12582,50,N1,12582
0505_06740_b.jpg,59 V2 21604,59,V2,21604
0505_06968_b.jpg,93 F9 4406,93,F9,4406
0506_02604_b.jpg,93 P1 79867,93,P1,79867
0506_05556_b.jpg,67 M1 36037,67,M1,36037
0506_06676_b.jpg,47 B1 77040,47,B1,77040
0506_06698_b.jpg,51 P7 4022,51,P7,4022
0506_06824_b.jpg,47 R1 2443,47,R1,2443
0506_06887_b.jpg,29 B1 22701,29,B1,22701
0506_07070_b.jpg,59 D1 85619,59,D1,85619
0507_00661_b.jpg,59 K1 56958,59,K1,56958
0507_06392_b.jpg,86 B3 40430,86,B3,40430
0507_08104_b.jpg,59 S1 63497,59,S1,63497
0508_04535_b.jpg,84 L1 27271,84,L1,27271
0508_05264_b.jpg,59 K1 69323,59,K1,69323
0508_05465_b.jpg,59 Y1 60271,59,Y1,60271
0508_06228_b.jpg,60 B9 15781,60,B9,15781
0508_06535_b.jpg,77 G1 25759,77,G1,25759
0508_06887_b.jpg,59 T1 92715,59,T1,92715
0508_07262_b.jpg,61 C1 61407,61,C1,61407
0508_07355_b.jpg,79 N2 2094,79,N2,2094
0508_07365_b.jpg,60 B5 58583,60,B5,58583
0508_08395_b.jpg,54 Y9 9149,54,Y9,9149
0509_01945_b.jpg,52 M9 0589,52,M9,0589
0509_04070_b.jpg,54 U2 4957,54,U2,4957
0509_04094_b.jpg,59 F1 21926,59,F1,21926
0509_05645_b.jpg,59 S1 00685,59,S1,00685
0510_05493_b.jpg,63 H4 0538,63,H4,0538
0510_05717_b.jpg,59 G1 61590,59,G1,61590
0510_06059_b.jpg,59 S2 40017,59,S2,40017
0510_06621_b.jpg,59 E1 63978,59,E1,63978
0510_07155_b.jpg,59 Z2 05456,59,Z2,05456
0510_07350_b.jpg,59 L1 53122,59,L1,53122
0511_02302_b.jpg,59 V1 67747,59,V1,67747
0511_04171_b.jpg,52 U8 4577,52,U8,4577
0511_04825_b.jpg,65 X4 4850,65,X4,4850
0511_05671_b.jpg,59 T1 86782,59,T1,86782
0511_05801_b.jpg,50 N1 18689,50,N1,18689
0511_05872_b.jpg,59 L2 27345,59,L2,27345
0511_07101_b.jpg,52 P2 8146,52,P2,8146
0512_04241_b.jpg,72 F1 31144,72,F1,31144
0512_04960_b.jpg,84 G1 22593,84,G1,22593
0512_05364_b.jpg,78 H1 00111,78,H1,00111
0512_05758_b.jpg,54 P4 6793,54,P4,6793
0512_06410_b.jpg,54 T1 4995,54,T1,4995
0512_08166_b.jpg,59 P2 13159,59,P2,13159
0512_08200_b.jpg,54 Z8 8767,54,Z8,8767
0512_08348_b.jpg,59 C1 31162,59,C1,31162
0512_09669_b.jpg,59 C1 25318,59,C1,25318
0513_00490_b.jpg,59 F1 13860,59,F1,13860
0513_02547_b.jpg,54 Z3 1084,54,Z3,1084
0513_05925_b.jpg,54 L4 8348,54,L4,8348
0513_06166_b.jpg,59 D1 83414,59,D1,83414
0513_06538_b.jpg,59 T1 34738,59,T1,34738
0513_08088_b.jpg,79 N1 25990,79,N1,25990
0513_08387_b.jpg,59 L1 60778,59,L1,60778
0514_04561_b.jpg,59 V2 08217,59,V2,08217
0514_04800_b.jpg,51 R3 2161,51,R3,2161
0514_06355_b.jpg,59 C2 59392,59,C2,59392
0514_06714_b.jpg,55 P8 4339,55,P8,4339
0514_07178_b.jpg,54 H2 2721,54,H2,2721
0514_08304_b.jpg,59 F1 20066,59,F1,20066
0515_01686_b.jpg,54 K4 0723,54,K4,0723
0515_04761_b.jpg,73 G1 17544,73,G1,17544
0515_07185_b.jpg,59 U1 84900,59,U1,84900
0516_00491_b.jpg,51 F5 8028,51,F5,8028
0516_04394_b.jpg,59 D2 06973,59,D2,06973
0516_05104_b.jpg,79 H3 4211,79,H3,4211
0516_05944_b.jpg,59 C1 70773,59,C1,70773
0516_06155_b.jpg,67 L1 33525,67,L1,33525
0516_06669_b.jpg,59 U1 91897,59,U1,91897
0516_08254_b.jpg,59 V1 77832,59,V1,77832
0516_08291_b.jpg,59 N1 87173,59,N1,87173
0517_01945_b.jpg,52 M9 0589,52,M9,0589
0517_05164_b.jpg,59 M1 53773,59,M1,53773
0517_05181_b.jpg,60 B3 22083,60,B3,22083
0517_05352_b.jpg,55 X8 6503,55,X8,6503
0517_06847_b.jpg,59 N2 31428,59,N2,31428
0517_08174_b.jpg,59 Z2 02768,59,Z2,02768
0518_04355_b.jpg,54 T3 4538,54,T3,4538
0518_04948_b.jpg,59 C2 59392,59,C2,59392
0518_05604_b.jpg,59 D1 08861,59,D1,08861
0518_07075_b.jpg,59 K1 99217,59,K1,99217
0518_07154_b.jpg,64 K1 04343,64,K1,04343
0518_08079_b.jpg,59 N1 73948,59,N1,73948
0519_00462_b.jpg,53 R8 8556,53,R8,8556
0519_02272_b.jpg,54 H1 4882,54,H1,4882
0519_02301_b.jpg,59 Y1 58447,59,Y1,58447
0519_02570_b.jpg,59 D1 67023,59,D1,67023
0519_02575_b.jpg,54 S9 2073,54,S9,2073
0519_04299_b.jpg,66 S1 12239,66,S1,12239
0519_04373_b.jpg,54 S9 2073,54,S9,2073
0519_04391_b.jpg,59 S2 01079,59,S2,01079
0519_04671_b.jpg,94 K1 2426,94,K1,2426
0519_05493_b.jpg,72 H7 3227,72,H7,3227
0519_05712_b.jpg,59 T1 60574,59,T1,60574
0519_05715_b.jpg,59 T1 00985,59,T1,00985
0519_06353_b.jpg,59 E1 04744,59,E1,04744
0519_06635_b.jpg,54 L4 8062,54,L4,8062
0519_06917_b.jpg,54 T1 1850,54,T1,1850
0519_08151_b.jpg,59 C1 31162,59,C1,31162
0519_08310_b.jpg,59 P2 23050,59,P2,23050
0520_00060_b.jpg,59 P1 33202,59,P1,33202
0520_04388_b.jpg,59 F1 16692,59,F1,16692
0520_04394_b.jpg,59 C1 56086,59,C1,56086
0520_05115_b.jpg,59 U1 45267,59,U1,45267
0520_05432_b.jpg,61 B1 31345,61,B1,31345
0520_05790_b.jpg,55 P8 5535,55,P8,5535
0520_06287_b.jpg,54 R4 7039,54,R4,7039
0520_06296_b.jpg,52 Y6 5446,52,Y6,5446
0520_07389_b.jpg,59 F1 38151,59,F1,38151
0521_04268_b.jpg,78 N2 5941,78,N2,5941
0521_04658_b.jpg,52 T7 2746,52,T7,2746
0521_05656_b.jpg,59 F1 68955,59,F1,68955
